"variable","model","experiment","coords","value","units"
"rh","CESM2","historical",-90,0,"%"
"rh","CESM2","historical",-85,0,"%"
"rh","CESM2","historical",-80,0,"%"
"rh","CESM2","historical",-75,1.94708589632767e-07,"%"
"rh","CESM2","historical",-70,2.13884509476313e-06,"%"
"rh","CESM2","historical",-65,6.32855987144268e-05,"%"
"rh","CESM2","historical",-60,0.00687997331389542,"%"
"rh","CESM2","historical",-55,0.14727003863414,"%"
"rh","CESM2","historical",-50,0.186107204999487,"%"
"rh","CESM2","historical",-45,0.607565822430888,"%"
"rh","CESM2","historical",-40,1.0441704462907,"%"
"rh","CESM2","historical",-35,1.97576947767832,"%"
"rh","CESM2","historical",-30,2.65320205805947,"%"
"rh","CESM2","historical",-25,3.25076950422996,"%"
"rh","CESM2","historical",-20,2.61226619011531,"%"
"rh","CESM2","historical",-15,3.91260586936729,"%"
"rh","CESM2","historical",-10,8.4389835773829,"%"
"rh","CESM2","historical",-5,10.293697043673,"%"
"rh","CESM2","historical",0,8.79924469744469,"%"
"rh","CESM2","historical",5,6.7466355293311,"%"
"rh","CESM2","historical",10,2.81198698962966,"%"
"rh","CESM2","historical",15,2.55170975546224,"%"
"rh","CESM2","historical",20,3.34916758873469,"%"
"rh","CESM2","historical",25,3.27410641397433,"%"
"rh","CESM2","historical",30,4.7121377885702,"%"
"rh","CESM2","historical",35,4.63974927114197,"%"
"rh","CESM2","historical",40,4.75169806280556,"%"
"rh","CESM2","historical",45,4.33635233973779,"%"
"rh","CESM2","historical",50,5.43763084686387,"%"
"rh","CESM2","historical",55,5.81376494615555,"%"
"rh","CESM2","historical",60,4.2081844540719,"%"
"rh","CESM2","historical",65,2.99625867329396,"%"
"rh","CESM2","historical",70,0.438460066919657,"%"
"rh","CESM2","historical",75,0.00292701544808534,"%"
"rh","CESM2","historical",80,0.000632735086959568,"%"
"rh","CESM2","historical",-90,0,"%"
"rh","CESM2","historical",-85,0,"%"
"rh","CESM2","historical",-80,0,"%"
"rh","CESM2","historical",-75,8.87483494992374e-08,"%"
"rh","CESM2","historical",-70,3.91382348233238e-06,"%"
"rh","CESM2","historical",-65,5.26314808785775e-05,"%"
"rh","CESM2","historical",-60,0.00690844341888673,"%"
"rh","CESM2","historical",-55,0.145298974141082,"%"
"rh","CESM2","historical",-50,0.184526660841235,"%"
"rh","CESM2","historical",-45,0.585131311174774,"%"
"rh","CESM2","historical",-40,1.0124665579776,"%"
"rh","CESM2","historical",-35,1.87158377614252,"%"
"rh","CESM2","historical",-30,2.56448193822108,"%"
"rh","CESM2","historical",-25,3.23841396697693,"%"
"rh","CESM2","historical",-20,2.69012150816525,"%"
"rh","CESM2","historical",-15,3.98029672422177,"%"
"rh","CESM2","historical",-10,8.58538218639286,"%"
"rh","CESM2","historical",-5,10.441110898771,"%"
"rh","CESM2","historical",0,8.79783383295096,"%"
"rh","CESM2","historical",5,6.69398809447873,"%"
"rh","CESM2","historical",10,2.7869071495541,"%"
"rh","CESM2","historical",15,2.56801345620448,"%"
"rh","CESM2","historical",20,3.3287381129589,"%"
"rh","CESM2","historical",25,3.22538901357841,"%"
"rh","CESM2","historical",30,4.65057647737643,"%"
"rh","CESM2","historical",35,4.56034704939609,"%"
"rh","CESM2","historical",40,4.63696057701912,"%"
"rh","CESM2","historical",45,4.32231029021529,"%"
"rh","CESM2","historical",50,5.57183336093359,"%"
"rh","CESM2","historical",55,5.85393755283837,"%"
"rh","CESM2","historical",60,4.20980180140209,"%"
"rh","CESM2","historical",65,3.03404085019425,"%"
"rh","CESM2","historical",70,0.450835270213044,"%"
"rh","CESM2","historical",75,0.00216296514257874,"%"
"rh","CESM2","historical",80,0.00054456504583136,"%"
"rh","CESM2","historical",-90,0,"%"
"rh","CESM2","historical",-85,0,"%"
"rh","CESM2","historical",-80,0,"%"
"rh","CESM2","historical",-75,2.47846773343441e-07,"%"
"rh","CESM2","historical",-70,1.73015184043187e-06,"%"
"rh","CESM2","historical",-65,6.24604482896212e-05,"%"
"rh","CESM2","historical",-60,0.00693949562448473,"%"
"rh","CESM2","historical",-55,0.144742891245752,"%"
"rh","CESM2","historical",-50,0.182281496091089,"%"
"rh","CESM2","historical",-45,0.627602709666967,"%"
"rh","CESM2","historical",-40,1.07327536089055,"%"
"rh","CESM2","historical",-35,1.91740279144884,"%"
"rh","CESM2","historical",-30,2.68891584839863,"%"
"rh","CESM2","historical",-25,3.33642703153249,"%"
"rh","CESM2","historical",-20,2.67928372058517,"%"
"rh","CESM2","historical",-15,3.90088261169012,"%"
"rh","CESM2","historical",-10,8.3694716059278,"%"
"rh","CESM2","historical",-5,10.3140230861933,"%"
"rh","CESM2","historical",0,8.76373225252686,"%"
"rh","CESM2","historical",5,6.79264451674179,"%"
"rh","CESM2","historical",10,2.79738805837644,"%"
"rh","CESM2","historical",15,2.51102634908407,"%"
"rh","CESM2","historical",20,3.25777033616955,"%"
"rh","CESM2","historical",25,3.21072351339966,"%"
"rh","CESM2","historical",30,4.69976820125793,"%"
"rh","CESM2","historical",35,4.59426476102996,"%"
"rh","CESM2","historical",40,4.66294085128841,"%"
"rh","CESM2","historical",45,4.41172277595557,"%"
"rh","CESM2","historical",50,5.5336959333209,"%"
"rh","CESM2","historical",55,5.85488056829912,"%"
"rh","CESM2","historical",60,4.25436920305374,"%"
"rh","CESM2","historical",65,2.9787273340979,"%"
"rh","CESM2","historical",70,0.431836338753566,"%"
"rh","CESM2","historical",75,0.00268782521091181,"%"
"rh","CESM2","historical",80,0.000508093691560206,"%"
"rh","CESM2","historical",-90,0,"%"
"rh","CESM2","historical",-85,0,"%"
"rh","CESM2","historical",-80,0,"%"
"rh","CESM2","historical",-75,9.68767560839156e-08,"%"
"rh","CESM2","historical",-70,2.75659908886135e-06,"%"
"rh","CESM2","historical",-65,3.07345104061367e-05,"%"
"rh","CESM2","historical",-60,0.00692085688745798,"%"
"rh","CESM2","historical",-55,0.144934112926282,"%"
"rh","CESM2","historical",-50,0.190702763621199,"%"
"rh","CESM2","historical",-45,0.599800051500636,"%"
"rh","CESM2","historical",-40,1.09097635676693,"%"
"rh","CESM2","historical",-35,1.90733952736701,"%"
"rh","CESM2","historical",-30,2.63367172188092,"%"
"rh","CESM2","historical",-25,3.33956544747438,"%"
"rh","CESM2","historical",-20,2.70381535277965,"%"
"rh","CESM2","historical",-15,3.94976813626301,"%"
"rh","CESM2","historical",-10,8.63644982314018,"%"
"rh","CESM2","historical",-5,10.3768297532867,"%"
"rh","CESM2","historical",0,8.77314255185999,"%"
"rh","CESM2","historical",5,6.59867310640297,"%"
"rh","CESM2","historical",10,2.72735443545392,"%"
"rh","CESM2","historical",15,2.53184612993511,"%"
"rh","CESM2","historical",20,3.23439296223377,"%"
"rh","CESM2","historical",25,3.2010046131907,"%"
"rh","CESM2","historical",30,4.65481541441706,"%"
"rh","CESM2","historical",35,4.51818936332096,"%"
"rh","CESM2","historical",40,4.59987008716587,"%"
"rh","CESM2","historical",45,4.3197475170291,"%"
"rh","CESM2","historical",50,5.57320604311756,"%"
"rh","CESM2","historical",55,5.95627386572372,"%"
"rh","CESM2","historical",60,4.23860846423895,"%"
"rh","CESM2","historical",65,3.05145481906967,"%"
"rh","CESM2","historical",70,0.438022860007336,"%"
"rh","CESM2","historical",75,0.00200592677628592,"%"
"rh","CESM2","historical",80,0.000584348176459579,"%"
"rh","CESM2","historical",-90,0,"%"
"rh","CESM2","historical",-85,0,"%"
"rh","CESM2","historical",-80,0,"%"
"rh","CESM2","historical",-75,1.33033337611511e-07,"%"
"rh","CESM2","historical",-70,2.09247277650452e-06,"%"
"rh","CESM2","historical",-65,6.51753692886873e-05,"%"
"rh","CESM2","historical",-60,0.00669066312726697,"%"
"rh","CESM2","historical",-55,0.144678646256419,"%"
"rh","CESM2","historical",-50,0.185639894813974,"%"
"rh","CESM2","historical",-45,0.587464938768592,"%"
"rh","CESM2","historical",-40,1.02946842423555,"%"
"rh","CESM2","historical",-35,1.91430770889647,"%"
"rh","CESM2","historical",-30,2.6492206254411,"%"
"rh","CESM2","historical",-25,3.1845414045196,"%"
"rh","CESM2","historical",-20,2.61519667508222,"%"
"rh","CESM2","historical",-15,3.82955217515224,"%"
"rh","CESM2","historical",-10,8.44431865734806,"%"
"rh","CESM2","historical",-5,10.4616245401055,"%"
"rh","CESM2","historical",0,8.83288431368276,"%"
"rh","CESM2","historical",5,6.75719130976665,"%"
"rh","CESM2","historical",10,2.83816773470822,"%"
"rh","CESM2","historical",15,2.56595567774658,"%"
"rh","CESM2","historical",20,3.25808515965114,"%"
"rh","CESM2","historical",25,3.19958788960071,"%"
"rh","CESM2","historical",30,4.66597039334454,"%"
"rh","CESM2","historical",35,4.59010074004288,"%"
"rh","CESM2","historical",40,4.71121461109078,"%"
"rh","CESM2","historical",45,4.41489413510734,"%"
"rh","CESM2","historical",50,5.5961506111179,"%"
"rh","CESM2","historical",55,5.8858330553679,"%"
"rh","CESM2","historical",60,4.22158105943341,"%"
"rh","CESM2","historical",65,3.00430133437823,"%"
"rh","CESM2","historical",70,0.402514411035148,"%"
"rh","CESM2","historical",75,0.00227870920852978,"%"
"rh","CESM2","historical",80,0.000517100094852846,"%"
"rh","CESM2","historical",-90,0,"%"
"rh","CESM2","historical",-85,0,"%"
"rh","CESM2","historical",-80,0,"%"
"rh","CESM2","historical",-75,3.71967463863276e-07,"%"
"rh","CESM2","historical",-70,2.72548525956617e-06,"%"
"rh","CESM2","historical",-65,7.04004325639075e-05,"%"
"rh","CESM2","historical",-60,0.00689271607785019,"%"
"rh","CESM2","historical",-55,0.145802346024499,"%"
"rh","CESM2","historical",-50,0.186090164870483,"%"
"rh","CESM2","historical",-45,0.613568946682518,"%"
"rh","CESM2","historical",-40,1.0856784837981,"%"
"rh","CESM2","historical",-35,1.977517761183,"%"
"rh","CESM2","historical",-30,2.60601868937929,"%"
"rh","CESM2","historical",-25,3.17611794431527,"%"
"rh","CESM2","historical",-20,2.58365996461199,"%"
"rh","CESM2","historical",-15,3.81124269573523,"%"
"rh","CESM2","historical",-10,8.42662414741321,"%"
"rh","CESM2","historical",-5,10.3201480767347,"%"
"rh","CESM2","historical",0,8.87303635590677,"%"
"rh","CESM2","historical",5,6.79109453891925,"%"
"rh","CESM2","historical",10,2.81192908034162,"%"
"rh","CESM2","historical",15,2.55696393706659,"%"
"rh","CESM2","historical",20,3.29165988851893,"%"
"rh","CESM2","historical",25,3.22681543520057,"%"
"rh","CESM2","historical",30,4.65371992202548,"%"
"rh","CESM2","historical",35,4.59796466052674,"%"
"rh","CESM2","historical",40,4.75931359885333,"%"
"rh","CESM2","historical",45,4.58565879984243,"%"
"rh","CESM2","historical",50,5.70349285077025,"%"
"rh","CESM2","historical",55,5.75527682326695,"%"
"rh","CESM2","historical",60,4.14758484341072,"%"
"rh","CESM2","historical",65,2.90792881178823,"%"
"rh","CESM2","historical",70,0.394862805805596,"%"
"rh","CESM2","historical",75,0.00269377930442782,"%"
"rh","CESM2","historical",80,0.000568433740727329,"%"
"rh","CESM2","historical",-90,0,"%"
"rh","CESM2","historical",-85,0,"%"
"rh","CESM2","historical",-80,0,"%"
"rh","CESM2","historical",-75,0,"%"
"rh","CESM2","historical",-70,7.49403476009256e-07,"%"
"rh","CESM2","historical",-65,3.83493974832294e-05,"%"
"rh","CESM2","historical",-60,0.00693965701597526,"%"
"rh","CESM2","historical",-55,0.144933454897537,"%"
"rh","CESM2","historical",-50,0.181470167103488,"%"
"rh","CESM2","historical",-45,0.58788854435684,"%"
"rh","CESM2","historical",-40,1.00468141551068,"%"
"rh","CESM2","historical",-35,1.82890584668447,"%"
"rh","CESM2","historical",-30,2.43959231790112,"%"
"rh","CESM2","historical",-25,3.08513073941797,"%"
"rh","CESM2","historical",-20,2.64527884509914,"%"
"rh","CESM2","historical",-15,3.95806745416465,"%"
"rh","CESM2","historical",-10,8.56412315698467,"%"
"rh","CESM2","historical",-5,10.5097455420833,"%"
"rh","CESM2","historical",0,8.83471591956957,"%"
"rh","CESM2","historical",5,6.69223586272272,"%"
"rh","CESM2","historical",10,2.76706297510759,"%"
"rh","CESM2","historical",15,2.55887288130742,"%"
"rh","CESM2","historical",20,3.33572509639181,"%"
"rh","CESM2","historical",25,3.24331066238384,"%"
"rh","CESM2","historical",30,4.68802865356394,"%"
"rh","CESM2","historical",35,4.64886240620469,"%"
"rh","CESM2","historical",40,4.73410333714324,"%"
"rh","CESM2","historical",45,4.35158691121466,"%"
"rh","CESM2","historical",50,5.5479514169444,"%"
"rh","CESM2","historical",55,5.97826908429063,"%"
"rh","CESM2","historical",60,4.23317492623857,"%"
"rh","CESM2","historical",65,2.98055818425413,"%"
"rh","CESM2","historical",70,0.44505008905214,"%"
"rh","CESM2","historical",75,0.00299792694286259,"%"
"rh","CESM2","historical",80,0.000697426647004671,"%"
"rh","CESM2","historical",-90,0,"%"
"rh","CESM2","historical",-85,0,"%"
"rh","CESM2","historical",-80,0,"%"
"rh","CESM2","historical",-75,4.93378620900698e-07,"%"
"rh","CESM2","historical",-70,2.27800569986226e-06,"%"
"rh","CESM2","historical",-65,4.61375078723003e-05,"%"
"rh","CESM2","historical",-60,0.00686995227860697,"%"
"rh","CESM2","historical",-55,0.14298904873087,"%"
"rh","CESM2","historical",-50,0.181428522432359,"%"
"rh","CESM2","historical",-45,0.579363674873525,"%"
"rh","CESM2","historical",-40,1.04272049321603,"%"
"rh","CESM2","historical",-35,1.8525041279086,"%"
"rh","CESM2","historical",-30,2.59937119213773,"%"
"rh","CESM2","historical",-25,3.22236272663158,"%"
"rh","CESM2","historical",-20,2.60627739616745,"%"
"rh","CESM2","historical",-15,3.91024270375558,"%"
"rh","CESM2","historical",-10,8.56245533606162,"%"
"rh","CESM2","historical",-5,10.4834709375411,"%"
"rh","CESM2","historical",0,8.89554577267243,"%"
"rh","CESM2","historical",5,6.83203650724566,"%"
"rh","CESM2","historical",10,2.80994419351014,"%"
"rh","CESM2","historical",15,2.54537290915764,"%"
"rh","CESM2","historical",20,3.2715022006472,"%"
"rh","CESM2","historical",25,3.22583751904623,"%"
"rh","CESM2","historical",30,4.63729803305906,"%"
"rh","CESM2","historical",35,4.47690133355009,"%"
"rh","CESM2","historical",40,4.60070650737769,"%"
"rh","CESM2","historical",45,4.30682856335511,"%"
"rh","CESM2","historical",50,5.57052236604371,"%"
"rh","CESM2","historical",55,6.08902823023373,"%"
"rh","CESM2","historical",60,4.20977776409364,"%"
"rh","CESM2","historical",65,2.91103016865867,"%"
"rh","CESM2","historical",70,0.424362808643162,"%"
"rh","CESM2","historical",75,0.00262023222997836,"%"
"rh","CESM2","historical",80,0.000579869848670197,"%"
"rh","CESM2","historical",-90,0,"%"
"rh","CESM2","historical",-85,0,"%"
"rh","CESM2","historical",-80,0,"%"
"rh","CESM2","historical",-75,1.57987643209635e-08,"%"
"rh","CESM2","historical",-70,5.10347821592198e-06,"%"
"rh","CESM2","historical",-65,7.29547914468492e-05,"%"
"rh","CESM2","historical",-60,0.0069831281722871,"%"
"rh","CESM2","historical",-55,0.145852636346447,"%"
"rh","CESM2","historical",-50,0.187490876045331,"%"
"rh","CESM2","historical",-45,0.600084804273784,"%"
"rh","CESM2","historical",-40,1.05929811252471,"%"
"rh","CESM2","historical",-35,1.95050878692018,"%"
"rh","CESM2","historical",-30,2.68392818368324,"%"
"rh","CESM2","historical",-25,3.33394846691076,"%"
"rh","CESM2","historical",-20,2.63112269624125,"%"
"rh","CESM2","historical",-15,3.75340969388671,"%"
"rh","CESM2","historical",-10,8.47096699995487,"%"
"rh","CESM2","historical",-5,10.351044118139,"%"
"rh","CESM2","historical",0,8.75847447157503,"%"
"rh","CESM2","historical",5,6.73985489478209,"%"
"rh","CESM2","historical",10,2.85409086642675,"%"
"rh","CESM2","historical",15,2.61728701322337,"%"
"rh","CESM2","historical",20,3.31543169297223,"%"
"rh","CESM2","historical",25,3.2091178246308,"%"
"rh","CESM2","historical",30,4.66414707363716,"%"
"rh","CESM2","historical",35,4.5936939334544,"%"
"rh","CESM2","historical",40,4.63579766905395,"%"
"rh","CESM2","historical",45,4.40278443520328,"%"
"rh","CESM2","historical",50,5.5523423970014,"%"
"rh","CESM2","historical",55,5.88016330518032,"%"
"rh","CESM2","historical",60,4.19900015859099,"%"
"rh","CESM2","historical",65,2.97546249388263,"%"
"rh","CESM2","historical",70,0.424823052832028,"%"
"rh","CESM2","historical",75,0.00222887117745635,"%"
"rh","CESM2","historical",80,0.000583269209159421,"%"
"rh","CESM2","historical",-90,0,"%"
"rh","CESM2","historical",-85,0,"%"
"rh","CESM2","historical",-80,0,"%"
"rh","CESM2","historical",-75,3.34236660859894e-08,"%"
"rh","CESM2","historical",-70,1.74681650282682e-06,"%"
"rh","CESM2","historical",-65,4.01485750835735e-05,"%"
"rh","CESM2","historical",-60,0.00698084695975215,"%"
"rh","CESM2","historical",-55,0.14619754096535,"%"
"rh","CESM2","historical",-50,0.18626175795582,"%"
"rh","CESM2","historical",-45,0.594247391656753,"%"
"rh","CESM2","historical",-40,1.04500030687952,"%"
"rh","CESM2","historical",-35,1.85606499580429,"%"
"rh","CESM2","historical",-30,2.54841182978446,"%"
"rh","CESM2","historical",-25,3.26054098089618,"%"
"rh","CESM2","historical",-20,2.6851565215091,"%"
"rh","CESM2","historical",-15,3.94242655181134,"%"
"rh","CESM2","historical",-10,8.60678050727991,"%"
"rh","CESM2","historical",-5,10.3884407510578,"%"
"rh","CESM2","historical",0,8.76053983716203,"%"
"rh","CESM2","historical",5,6.68918135747912,"%"
"rh","CESM2","historical",10,2.79616124849943,"%"
"rh","CESM2","historical",15,2.51069735158375,"%"
"rh","CESM2","historical",20,3.25813151700414,"%"
"rh","CESM2","historical",25,3.21705508471495,"%"
"rh","CESM2","historical",30,4.62510038760926,"%"
"rh","CESM2","historical",35,4.50884794021726,"%"
"rh","CESM2","historical",40,4.69890156379656,"%"
"rh","CESM2","historical",45,4.40155247601727,"%"
"rh","CESM2","historical",50,5.49381285950122,"%"
"rh","CESM2","historical",55,5.86954137530715,"%"
"rh","CESM2","historical",60,4.30718623028552,"%"
"rh","CESM2","historical",65,3.11962380700765,"%"
"rh","CESM2","historical",70,0.47359930518325,"%"
"rh","CESM2","historical",75,0.00290370252424366,"%"
"rh","CESM2","historical",80,0.000612044731692173,"%"
"rh","CESM2-WACCM","historical",-90,0,"%"
"rh","CESM2-WACCM","historical",-85,0,"%"
"rh","CESM2-WACCM","historical",-80,0,"%"
"rh","CESM2-WACCM","historical",-75,1.39922084357573e-08,"%"
"rh","CESM2-WACCM","historical",-70,3.25308025085336e-06,"%"
"rh","CESM2-WACCM","historical",-65,7.33280707384164e-05,"%"
"rh","CESM2-WACCM","historical",-60,0.00672345296574379,"%"
"rh","CESM2-WACCM","historical",-55,0.142420605181699,"%"
"rh","CESM2-WACCM","historical",-50,0.184486830872424,"%"
"rh","CESM2-WACCM","historical",-45,0.58559367718301,"%"
"rh","CESM2-WACCM","historical",-40,1.09555733322517,"%"
"rh","CESM2-WACCM","historical",-35,1.96192887362488,"%"
"rh","CESM2-WACCM","historical",-30,2.71116836862063,"%"
"rh","CESM2-WACCM","historical",-25,3.38805430588923,"%"
"rh","CESM2-WACCM","historical",-20,2.79075746060987,"%"
"rh","CESM2-WACCM","historical",-15,3.94939179909945,"%"
"rh","CESM2-WACCM","historical",-10,8.5199952123789,"%"
"rh","CESM2-WACCM","historical",-5,10.4529013119609,"%"
"rh","CESM2-WACCM","historical",0,8.89331099753264,"%"
"rh","CESM2-WACCM","historical",5,6.92421587381352,"%"
"rh","CESM2-WACCM","historical",10,2.9623189106615,"%"
"rh","CESM2-WACCM","historical",15,2.70958516178927,"%"
"rh","CESM2-WACCM","historical",20,3.34315309347151,"%"
"rh","CESM2-WACCM","historical",25,3.19029083106536,"%"
"rh","CESM2-WACCM","historical",30,4.60751500243781,"%"
"rh","CESM2-WACCM","historical",35,4.4809537319282,"%"
"rh","CESM2-WACCM","historical",40,4.58369989606438,"%"
"rh","CESM2-WACCM","historical",45,4.37749896806847,"%"
"rh","CESM2-WACCM","historical",50,5.53796727160694,"%"
"rh","CESM2-WACCM","historical",55,5.65181189353597,"%"
"rh","CESM2-WACCM","historical",60,3.85191186847444,"%"
"rh","CESM2-WACCM","historical",65,2.67599043719497,"%"
"rh","CESM2-WACCM","historical",70,0.418066084602874,"%"
"rh","CESM2-WACCM","historical",75,0.00215690151450594,"%"
"rh","CESM2-WACCM","historical",80,0.000497249482543718,"%"
"rh","CESM2-WACCM","historical",-90,0,"%"
"rh","CESM2-WACCM","historical",-85,0,"%"
"rh","CESM2-WACCM","historical",-80,0,"%"
"rh","CESM2-WACCM","historical",-75,0,"%"
"rh","CESM2-WACCM","historical",-70,2.21299839840906e-06,"%"
"rh","CESM2-WACCM","historical",-65,7.28452180099394e-05,"%"
"rh","CESM2-WACCM","historical",-60,0.00676506372546536,"%"
"rh","CESM2-WACCM","historical",-55,0.143890559342327,"%"
"rh","CESM2-WACCM","historical",-50,0.18242767597456,"%"
"rh","CESM2-WACCM","historical",-45,0.5750909798766,"%"
"rh","CESM2-WACCM","historical",-40,1.08628629202656,"%"
"rh","CESM2-WACCM","historical",-35,1.98045903995441,"%"
"rh","CESM2-WACCM","historical",-30,2.66848499377273,"%"
"rh","CESM2-WACCM","historical",-25,3.41439392337504,"%"
"rh","CESM2-WACCM","historical",-20,2.8149292406861,"%"
"rh","CESM2-WACCM","historical",-15,4.007370590782,"%"
"rh","CESM2-WACCM","historical",-10,8.44953896533218,"%"
"rh","CESM2-WACCM","historical",-5,10.4344302140438,"%"
"rh","CESM2-WACCM","historical",0,8.83262480264704,"%"
"rh","CESM2-WACCM","historical",5,6.80229040036076,"%"
"rh","CESM2-WACCM","historical",10,2.90328102314643,"%"
"rh","CESM2-WACCM","historical",15,2.64159908741875,"%"
"rh","CESM2-WACCM","historical",20,3.35981251103125,"%"
"rh","CESM2-WACCM","historical",25,3.1781791153758,"%"
"rh","CESM2-WACCM","historical",30,4.59961542607567,"%"
"rh","CESM2-WACCM","historical",35,4.51343203122147,"%"
"rh","CESM2-WACCM","historical",40,4.70553445811376,"%"
"rh","CESM2-WACCM","historical",45,4.46444911718437,"%"
"rh","CESM2-WACCM","historical",50,5.46673085146573,"%"
"rh","CESM2-WACCM","historical",55,5.68624898142962,"%"
"rh","CESM2-WACCM","historical",60,3.88970402387051,"%"
"rh","CESM2-WACCM","historical",65,2.77066520804846,"%"
"rh","CESM2-WACCM","historical",70,0.418558169185773,"%"
"rh","CESM2-WACCM","historical",75,0.00252829897185561,"%"
"rh","CESM2-WACCM","historical",80,0.000603897344605112,"%"
"rh","CESM2-WACCM","historical",-90,0,"%"
"rh","CESM2-WACCM","historical",-85,0,"%"
"rh","CESM2-WACCM","historical",-80,0,"%"
"rh","CESM2-WACCM","historical",-75,2.3777141301628e-08,"%"
"rh","CESM2-WACCM","historical",-70,2.20566835413232e-06,"%"
"rh","CESM2-WACCM","historical",-65,0.000100493029433735,"%"
"rh","CESM2-WACCM","historical",-60,0.00711319129969809,"%"
"rh","CESM2-WACCM","historical",-55,0.147946724277561,"%"
"rh","CESM2-WACCM","historical",-50,0.185303211260048,"%"
"rh","CESM2-WACCM","historical",-45,0.592603551095328,"%"
"rh","CESM2-WACCM","historical",-40,1.10409156183116,"%"
"rh","CESM2-WACCM","historical",-35,1.93698631138221,"%"
"rh","CESM2-WACCM","historical",-30,2.65911816693815,"%"
"rh","CESM2-WACCM","historical",-25,3.42427843809988,"%"
"rh","CESM2-WACCM","historical",-20,2.80987169964159,"%"
"rh","CESM2-WACCM","historical",-15,3.91310170593471,"%"
"rh","CESM2-WACCM","historical",-10,8.49864811576004,"%"
"rh","CESM2-WACCM","historical",-5,10.4698051018675,"%"
"rh","CESM2-WACCM","historical",0,8.75454064949399,"%"
"rh","CESM2-WACCM","historical",5,6.7521057997878,"%"
"rh","CESM2-WACCM","historical",10,2.88045183032137,"%"
"rh","CESM2-WACCM","historical",15,2.69228107124226,"%"
"rh","CESM2-WACCM","historical",20,3.37474758095988,"%"
"rh","CESM2-WACCM","historical",25,3.21586447075235,"%"
"rh","CESM2-WACCM","historical",30,4.70090997167945,"%"
"rh","CESM2-WACCM","historical",35,4.60955835652352,"%"
"rh","CESM2-WACCM","historical",40,4.65674451270389,"%"
"rh","CESM2-WACCM","historical",45,4.3379661664162,"%"
"rh","CESM2-WACCM","historical",50,5.55231814586007,"%"
"rh","CESM2-WACCM","historical",55,5.69873418792955,"%"
"rh","CESM2-WACCM","historical",60,3.91073145343169,"%"
"rh","CESM2-WACCM","historical",65,2.71003358660905,"%"
"rh","CESM2-WACCM","historical",70,0.400814184529757,"%"
"rh","CESM2-WACCM","historical",75,0.00261715027726968,"%"
"rh","CESM2-WACCM","historical",80,0.000610379619146207,"%"
"rh","CNRM-CM6-1","historical",-90,0,"%"
"rh","CNRM-CM6-1","historical",-85,0,"%"
"rh","CNRM-CM6-1","historical",-80,0,"%"
"rh","CNRM-CM6-1","historical",-75,0,"%"
"rh","CNRM-CM6-1","historical",-70,0,"%"
"rh","CNRM-CM6-1","historical",-65,0,"%"
"rh","CNRM-CM6-1","historical",-60,0.00724228501896354,"%"
"rh","CNRM-CM6-1","historical",-55,0.0506386169384963,"%"
"rh","CNRM-CM6-1","historical",-50,0.139811552065611,"%"
"rh","CNRM-CM6-1","historical",-45,0.289831439590953,"%"
"rh","CNRM-CM6-1","historical",-40,0.860245759695147,"%"
"rh","CNRM-CM6-1","historical",-35,2.18970384783113,"%"
"rh","CNRM-CM6-1","historical",-30,2.17920403368326,"%"
"rh","CNRM-CM6-1","historical",-25,4.05502770106358,"%"
"rh","CNRM-CM6-1","historical",-20,4.31625504956683,"%"
"rh","CNRM-CM6-1","historical",-15,7.52153939868453,"%"
"rh","CNRM-CM6-1","historical",-10,8.73490556890711,"%"
"rh","CNRM-CM6-1","historical",-5,15.2919378405724,"%"
"rh","CNRM-CM6-1","historical",0,12.4149569627956,"%"
"rh","CNRM-CM6-1","historical",5,7.42688243155787,"%"
"rh","CNRM-CM6-1","historical",10,6.10902439888189,"%"
"rh","CNRM-CM6-1","historical",15,3.34619071494591,"%"
"rh","CNRM-CM6-1","historical",20,4.88581530667183,"%"
"rh","CNRM-CM6-1","historical",25,2.8433155566056,"%"
"rh","CNRM-CM6-1","historical",30,3.42825395467088,"%"
"rh","CNRM-CM6-1","historical",35,3.08370442716486,"%"
"rh","CNRM-CM6-1","historical",45,3.40436593470846,"%"
"rh","CNRM-CM6-1","historical",50,2.37994958540575,"%"
"rh","CNRM-CM6-1","historical",55,2.39319474545153,"%"
"rh","CNRM-CM6-1","historical",60,1.44891626926424,"%"
"rh","CNRM-CM6-1","historical",65,1.06663386616008,"%"
"rh","CNRM-CM6-1","historical",70,0.126588802179078,"%"
"rh","CNRM-CM6-1","historical",75,0.00500278998230273,"%"
"rh","CNRM-CM6-1","historical",80,0.000861159936078421,"%"
"rh","CNRM-CM6-1","historical",-90,0,"%"
"rh","CNRM-CM6-1","historical",-85,0,"%"
"rh","CNRM-CM6-1","historical",-80,0,"%"
"rh","CNRM-CM6-1","historical",-75,0,"%"
"rh","CNRM-CM6-1","historical",-70,0,"%"
"rh","CNRM-CM6-1","historical",-65,0,"%"
"rh","CNRM-CM6-1","historical",-60,0.0071274553671238,"%"
"rh","CNRM-CM6-1","historical",-55,0.0501777468491646,"%"
"rh","CNRM-CM6-1","historical",-50,0.139923154596558,"%"
"rh","CNRM-CM6-1","historical",-45,0.289177615896789,"%"
"rh","CNRM-CM6-1","historical",-40,0.859359875859072,"%"
"rh","CNRM-CM6-1","historical",-35,2.20998504807883,"%"
"rh","CNRM-CM6-1","historical",-30,2.20667956279535,"%"
"rh","CNRM-CM6-1","historical",-25,4.0867888026532,"%"
"rh","CNRM-CM6-1","historical",-20,4.33304560257195,"%"
"rh","CNRM-CM6-1","historical",-15,7.5098472531668,"%"
"rh","CNRM-CM6-1","historical",-10,8.70938462264755,"%"
"rh","CNRM-CM6-1","historical",-5,15.2469252403624,"%"
"rh","CNRM-CM6-1","historical",0,12.3879903089483,"%"
"rh","CNRM-CM6-1","historical",5,7.40454112382526,"%"
"rh","CNRM-CM6-1","historical",10,6.08364309232278,"%"
"rh","CNRM-CM6-1","historical",15,3.3187916180531,"%"
"rh","CNRM-CM6-1","historical",20,4.87330632162247,"%"
"rh","CNRM-CM6-1","historical",25,2.84666923425131,"%"
"rh","CNRM-CM6-1","historical",30,3.42137744141829,"%"
"rh","CNRM-CM6-1","historical",35,3.09295743967253,"%"
"rh","CNRM-CM6-1","historical",45,3.41955105643884,"%"
"rh","CNRM-CM6-1","historical",50,2.40290013485194,"%"
"rh","CNRM-CM6-1","historical",55,2.41418727688086,"%"
"rh","CNRM-CM6-1","historical",60,1.4667523354769,"%"
"rh","CNRM-CM6-1","historical",65,1.08320032120331,"%"
"rh","CNRM-CM6-1","historical",70,0.129645724470777,"%"
"rh","CNRM-CM6-1","historical",75,0.00512485950244847,"%"
"rh","CNRM-CM6-1","historical",80,0.000939730216157217,"%"
"rh","CNRM-CM6-1","historical",-90,0,"%"
"rh","CNRM-CM6-1","historical",-85,0,"%"
"rh","CNRM-CM6-1","historical",-80,0,"%"
"rh","CNRM-CM6-1","historical",-75,0,"%"
"rh","CNRM-CM6-1","historical",-70,0,"%"
"rh","CNRM-CM6-1","historical",-65,0,"%"
"rh","CNRM-CM6-1","historical",-60,0.00702496425526367,"%"
"rh","CNRM-CM6-1","historical",-55,0.0496041903945549,"%"
"rh","CNRM-CM6-1","historical",-50,0.138971573139927,"%"
"rh","CNRM-CM6-1","historical",-45,0.287711330291281,"%"
"rh","CNRM-CM6-1","historical",-40,0.859453511999998,"%"
"rh","CNRM-CM6-1","historical",-35,2.19520860310523,"%"
"rh","CNRM-CM6-1","historical",-30,2.19808172866678,"%"
"rh","CNRM-CM6-1","historical",-25,4.08357364403058,"%"
"rh","CNRM-CM6-1","historical",-20,4.31849321159835,"%"
"rh","CNRM-CM6-1","historical",-15,7.54991401454497,"%"
"rh","CNRM-CM6-1","historical",-10,8.73616051056858,"%"
"rh","CNRM-CM6-1","historical",-5,15.346497226991,"%"
"rh","CNRM-CM6-1","historical",0,12.4646637748322,"%"
"rh","CNRM-CM6-1","historical",5,7.41431672523346,"%"
"rh","CNRM-CM6-1","historical",10,6.03088040330458,"%"
"rh","CNRM-CM6-1","historical",15,3.30599677814665,"%"
"rh","CNRM-CM6-1","historical",20,4.85223007820534,"%"
"rh","CNRM-CM6-1","historical",25,2.84269362429081,"%"
"rh","CNRM-CM6-1","historical",30,3.43091238228398,"%"
"rh","CNRM-CM6-1","historical",35,3.07891847708294,"%"
"rh","CNRM-CM6-1","historical",45,3.36047017920855,"%"
"rh","CNRM-CM6-1","historical",50,2.37277735310838,"%"
"rh","CNRM-CM6-1","historical",55,2.41140884061587,"%"
"rh","CNRM-CM6-1","historical",60,1.4629390376498,"%"
"rh","CNRM-CM6-1","historical",65,1.07088111626899,"%"
"rh","CNRM-CM6-1","historical",70,0.124445405445071,"%"
"rh","CNRM-CM6-1","historical",75,0.00487054933771426,"%"
"rh","CNRM-CM6-1","historical",80,0.000900765399162664,"%"
"rh","CNRM-CM6-1","historical",-90,0,"%"
"rh","CNRM-CM6-1","historical",-85,0,"%"
"rh","CNRM-CM6-1","historical",-80,0,"%"
"rh","CNRM-CM6-1","historical",-75,0,"%"
"rh","CNRM-CM6-1","historical",-70,0,"%"
"rh","CNRM-CM6-1","historical",-65,0,"%"
"rh","CNRM-CM6-1","historical",-60,0.00707739777629101,"%"
"rh","CNRM-CM6-1","historical",-55,0.0500287727847647,"%"
"rh","CNRM-CM6-1","historical",-50,0.139615457524463,"%"
"rh","CNRM-CM6-1","historical",-45,0.287386718015837,"%"
"rh","CNRM-CM6-1","historical",-40,0.856285947961239,"%"
"rh","CNRM-CM6-1","historical",-35,2.17861086669613,"%"
"rh","CNRM-CM6-1","historical",-30,2.16386282313482,"%"
"rh","CNRM-CM6-1","historical",-25,4.0474450744025,"%"
"rh","CNRM-CM6-1","historical",-20,4.30985967451586,"%"
"rh","CNRM-CM6-1","historical",-15,7.50608374619901,"%"
"rh","CNRM-CM6-1","historical",-10,8.7043522353347,"%"
"rh","CNRM-CM6-1","historical",-5,15.2695421973197,"%"
"rh","CNRM-CM6-1","historical",0,12.4574168453661,"%"
"rh","CNRM-CM6-1","historical",5,7.42168253126252,"%"
"rh","CNRM-CM6-1","historical",10,6.08898219019258,"%"
"rh","CNRM-CM6-1","historical",15,3.35765254416009,"%"
"rh","CNRM-CM6-1","historical",20,4.91955753857232,"%"
"rh","CNRM-CM6-1","historical",25,2.87898591007485,"%"
"rh","CNRM-CM6-1","historical",30,3.47441897104371,"%"
"rh","CNRM-CM6-1","historical",35,3.09801158143462,"%"
"rh","CNRM-CM6-1","historical",45,3.39496328097238,"%"
"rh","CNRM-CM6-1","historical",50,2.3855975591782,"%"
"rh","CNRM-CM6-1","historical",55,2.36693178522616,"%"
"rh","CNRM-CM6-1","historical",60,1.44509290014875,"%"
"rh","CNRM-CM6-1","historical",65,1.06210997689188,"%"
"rh","CNRM-CM6-1","historical",70,0.122727144286893,"%"
"rh","CNRM-CM6-1","historical",75,0.00484121028338516,"%"
"rh","CNRM-CM6-1","historical",80,0.00087711924024172,"%"
"rh","CNRM-CM6-1","historical",-90,0,"%"
"rh","CNRM-CM6-1","historical",-85,0,"%"
"rh","CNRM-CM6-1","historical",-80,0,"%"
"rh","CNRM-CM6-1","historical",-75,0,"%"
"rh","CNRM-CM6-1","historical",-70,0,"%"
"rh","CNRM-CM6-1","historical",-65,0,"%"
"rh","CNRM-CM6-1","historical",-60,0.00729534970181165,"%"
"rh","CNRM-CM6-1","historical",-55,0.0507730410755595,"%"
"rh","CNRM-CM6-1","historical",-50,0.138629868889324,"%"
"rh","CNRM-CM6-1","historical",-45,0.284977686161946,"%"
"rh","CNRM-CM6-1","historical",-40,0.845157077722899,"%"
"rh","CNRM-CM6-1","historical",-35,2.16475683237138,"%"
"rh","CNRM-CM6-1","historical",-30,2.16858711975148,"%"
"rh","CNRM-CM6-1","historical",-25,4.03570144689103,"%"
"rh","CNRM-CM6-1","historical",-20,4.31156210584631,"%"
"rh","CNRM-CM6-1","historical",-15,7.52804297985815,"%"
"rh","CNRM-CM6-1","historical",-10,8.72170858816723,"%"
"rh","CNRM-CM6-1","historical",-5,15.3008126244483,"%"
"rh","CNRM-CM6-1","historical",0,12.4338265968105,"%"
"rh","CNRM-CM6-1","historical",5,7.4150311203849,"%"
"rh","CNRM-CM6-1","historical",10,6.05286779044309,"%"
"rh","CNRM-CM6-1","historical",15,3.32450307643659,"%"
"rh","CNRM-CM6-1","historical",20,4.88098524338871,"%"
"rh","CNRM-CM6-1","historical",25,2.84269064528102,"%"
"rh","CNRM-CM6-1","historical",30,3.43856116609245,"%"
"rh","CNRM-CM6-1","historical",35,3.11312928059923,"%"
"rh","CNRM-CM6-1","historical",45,3.39828905201979,"%"
"rh","CNRM-CM6-1","historical",50,2.39693906609257,"%"
"rh","CNRM-CM6-1","historical",55,2.43330548499589,"%"
"rh","CNRM-CM6-1","historical",60,1.48596603420403,"%"
"rh","CNRM-CM6-1","historical",65,1.09066939667561,"%"
"rh","CNRM-CM6-1","historical",70,0.129403590386485,"%"
"rh","CNRM-CM6-1","historical",75,0.00494971564071111,"%"
"rh","CNRM-CM6-1","historical",80,0.000878019662924856,"%"
"rh","CNRM-CM6-1","historical",-90,0,"%"
"rh","CNRM-CM6-1","historical",-85,0,"%"
"rh","CNRM-CM6-1","historical",-80,0,"%"
"rh","CNRM-CM6-1","historical",-75,0,"%"
"rh","CNRM-CM6-1","historical",-70,0,"%"
"rh","CNRM-CM6-1","historical",-65,0,"%"
"rh","CNRM-CM6-1","historical",-60,0.00731524340210729,"%"
"rh","CNRM-CM6-1","historical",-55,0.0514615778643794,"%"
"rh","CNRM-CM6-1","historical",-50,0.141226124172572,"%"
"rh","CNRM-CM6-1","historical",-45,0.286767400208438,"%"
"rh","CNRM-CM6-1","historical",-40,0.849484947366188,"%"
"rh","CNRM-CM6-1","historical",-35,2.16078919792768,"%"
"rh","CNRM-CM6-1","historical",-30,2.1604181270162,"%"
"rh","CNRM-CM6-1","historical",-25,4.03158520279733,"%"
"rh","CNRM-CM6-1","historical",-20,4.29893827086725,"%"
"rh","CNRM-CM6-1","historical",-15,7.52462024630272,"%"
"rh","CNRM-CM6-1","historical",-10,8.7267603982176,"%"
"rh","CNRM-CM6-1","historical",-5,15.325865141071,"%"
"rh","CNRM-CM6-1","historical",0,12.4230365272358,"%"
"rh","CNRM-CM6-1","historical",5,7.39723094793087,"%"
"rh","CNRM-CM6-1","historical",10,6.04314840807588,"%"
"rh","CNRM-CM6-1","historical",15,3.32648258307507,"%"
"rh","CNRM-CM6-1","historical",20,4.86522850087456,"%"
"rh","CNRM-CM6-1","historical",25,2.85550968810742,"%"
"rh","CNRM-CM6-1","historical",30,3.47255897675862,"%"
"rh","CNRM-CM6-1","historical",35,3.09522097524663,"%"
"rh","CNRM-CM6-1","historical",45,3.38833231963158,"%"
"rh","CNRM-CM6-1","historical",50,2.40696438604195,"%"
"rh","CNRM-CM6-1","historical",55,2.46129905367141,"%"
"rh","CNRM-CM6-1","historical",60,1.48719106757116,"%"
"rh","CNRM-CM6-1","historical",65,1.07944207360288,"%"
"rh","CNRM-CM6-1","historical",70,0.127195779752224,"%"
"rh","CNRM-CM6-1","historical",75,0.00503039960590145,"%"
"rh","CNRM-CM6-1","historical",80,0.000896435604584499,"%"
"rh","CNRM-CM6-1","historical",-90,0,"%"
"rh","CNRM-CM6-1","historical",-85,0,"%"
"rh","CNRM-CM6-1","historical",-80,0,"%"
"rh","CNRM-CM6-1","historical",-75,0,"%"
"rh","CNRM-CM6-1","historical",-70,0,"%"
"rh","CNRM-CM6-1","historical",-65,0,"%"
"rh","CNRM-CM6-1","historical",-60,0.00712424150586945,"%"
"rh","CNRM-CM6-1","historical",-55,0.0504347774226508,"%"
"rh","CNRM-CM6-1","historical",-50,0.139128964256365,"%"
"rh","CNRM-CM6-1","historical",-45,0.285696880226603,"%"
"rh","CNRM-CM6-1","historical",-40,0.843467365938297,"%"
"rh","CNRM-CM6-1","historical",-35,2.16674884250646,"%"
"rh","CNRM-CM6-1","historical",-30,2.1701355530358,"%"
"rh","CNRM-CM6-1","historical",-25,4.05117299558161,"%"
"rh","CNRM-CM6-1","historical",-20,4.30006127528906,"%"
"rh","CNRM-CM6-1","historical",-15,7.50060147573062,"%"
"rh","CNRM-CM6-1","historical",-10,8.71655295038713,"%"
"rh","CNRM-CM6-1","historical",-5,15.3075823740741,"%"
"rh","CNRM-CM6-1","historical",0,12.4285662803264,"%"
"rh","CNRM-CM6-1","historical",5,7.43194637579214,"%"
"rh","CNRM-CM6-1","historical",10,6.1405108423106,"%"
"rh","CNRM-CM6-1","historical",15,3.33984416331674,"%"
"rh","CNRM-CM6-1","historical",20,4.87911735926175,"%"
"rh","CNRM-CM6-1","historical",25,2.83921397691308,"%"
"rh","CNRM-CM6-1","historical",30,3.43959005507196,"%"
"rh","CNRM-CM6-1","historical",35,3.08703636845865,"%"
"rh","CNRM-CM6-1","historical",45,3.39376043871945,"%"
"rh","CNRM-CM6-1","historical",50,2.38588326992233,"%"
"rh","CNRM-CM6-1","historical",55,2.40675249774244,"%"
"rh","CNRM-CM6-1","historical",60,1.46751694687288,"%"
"rh","CNRM-CM6-1","historical",65,1.08703627211781,"%"
"rh","CNRM-CM6-1","historical",70,0.128641465134567,"%"
"rh","CNRM-CM6-1","historical",75,0.00502101443779541,"%"
"rh","CNRM-CM6-1","historical",80,0.000854977646899832,"%"
"rh","CNRM-CM6-1","historical",-90,0,"%"
"rh","CNRM-CM6-1","historical",-85,0,"%"
"rh","CNRM-CM6-1","historical",-80,0,"%"
"rh","CNRM-CM6-1","historical",-75,0,"%"
"rh","CNRM-CM6-1","historical",-70,0,"%"
"rh","CNRM-CM6-1","historical",-65,0,"%"
"rh","CNRM-CM6-1","historical",-60,0.0073603507618095,"%"
"rh","CNRM-CM6-1","historical",-55,0.0521937285835203,"%"
"rh","CNRM-CM6-1","historical",-50,0.141667188083559,"%"
"rh","CNRM-CM6-1","historical",-45,0.290866554884231,"%"
"rh","CNRM-CM6-1","historical",-40,0.864440299301433,"%"
"rh","CNRM-CM6-1","historical",-35,2.18249280696411,"%"
"rh","CNRM-CM6-1","historical",-30,2.19737762174747,"%"
"rh","CNRM-CM6-1","historical",-25,4.08304124303468,"%"
"rh","CNRM-CM6-1","historical",-20,4.34113236346452,"%"
"rh","CNRM-CM6-1","historical",-15,7.5918941598348,"%"
"rh","CNRM-CM6-1","historical",-10,8.77403908898128,"%"
"rh","CNRM-CM6-1","historical",-5,15.3643770823412,"%"
"rh","CNRM-CM6-1","historical",0,12.4719280614315,"%"
"rh","CNRM-CM6-1","historical",5,7.42480371564974,"%"
"rh","CNRM-CM6-1","historical",10,6.05876748921308,"%"
"rh","CNRM-CM6-1","historical",15,3.32277989463573,"%"
"rh","CNRM-CM6-1","historical",20,4.87095798190583,"%"
"rh","CNRM-CM6-1","historical",25,2.84022694025481,"%"
"rh","CNRM-CM6-1","historical",30,3.43828984460772,"%"
"rh","CNRM-CM6-1","historical",35,3.08714935994228,"%"
"rh","CNRM-CM6-1","historical",45,3.31865553328312,"%"
"rh","CNRM-CM6-1","historical",50,2.32438491516146,"%"
"rh","CNRM-CM6-1","historical",55,2.35959348287192,"%"
"rh","CNRM-CM6-1","historical",60,1.4252256366054,"%"
"rh","CNRM-CM6-1","historical",65,1.03913701426376,"%"
"rh","CNRM-CM6-1","historical",70,0.121633294845503,"%"
"rh","CNRM-CM6-1","historical",75,0.00472048921356875,"%"
"rh","CNRM-CM6-1","historical",80,0.000863858131982264,"%"
"rh","CNRM-CM6-1","historical",-90,0,"%"
"rh","CNRM-CM6-1","historical",-85,0,"%"
"rh","CNRM-CM6-1","historical",-80,0,"%"
"rh","CNRM-CM6-1","historical",-75,0,"%"
"rh","CNRM-CM6-1","historical",-70,0,"%"
"rh","CNRM-CM6-1","historical",-65,0,"%"
"rh","CNRM-CM6-1","historical",-60,0.0072378352849978,"%"
"rh","CNRM-CM6-1","historical",-55,0.0513770598355031,"%"
"rh","CNRM-CM6-1","historical",-50,0.140064944784642,"%"
"rh","CNRM-CM6-1","historical",-45,0.289197620414848,"%"
"rh","CNRM-CM6-1","historical",-40,0.870186286506163,"%"
"rh","CNRM-CM6-1","historical",-35,2.22343220875281,"%"
"rh","CNRM-CM6-1","historical",-30,2.21199189416003,"%"
"rh","CNRM-CM6-1","historical",-25,4.12308124814133,"%"
"rh","CNRM-CM6-1","historical",-20,4.39022303831551,"%"
"rh","CNRM-CM6-1","historical",-15,7.65130777248766,"%"
"rh","CNRM-CM6-1","historical",-10,8.82038336756778,"%"
"rh","CNRM-CM6-1","historical",-5,15.4544187524617,"%"
"rh","CNRM-CM6-1","historical",0,12.5044861679235,"%"
"rh","CNRM-CM6-1","historical",5,7.42723291479058,"%"
"rh","CNRM-CM6-1","historical",10,6.0083795940731,"%"
"rh","CNRM-CM6-1","historical",15,3.3047629712331,"%"
"rh","CNRM-CM6-1","historical",20,4.8481262473731,"%"
"rh","CNRM-CM6-1","historical",25,2.82101146150547,"%"
"rh","CNRM-CM6-1","historical",30,3.40375134966365,"%"
"rh","CNRM-CM6-1","historical",35,3.03607780961729,"%"
"rh","CNRM-CM6-1","historical",45,3.28357167748391,"%"
"rh","CNRM-CM6-1","historical",50,2.27671765539467,"%"
"rh","CNRM-CM6-1","historical",55,2.29005145143775,"%"
"rh","CNRM-CM6-1","historical",60,1.39804648698606,"%"
"rh","CNRM-CM6-1","historical",65,1.03858119979987,"%"
"rh","CNRM-CM6-1","historical",70,0.120614635825449,"%"
"rh","CNRM-CM6-1","historical",75,0.0048105043447618,"%"
"rh","CNRM-CM6-1","historical",80,0.000875843834722768,"%"
"rh","CNRM-CM6-1","historical",-90,0,"%"
"rh","CNRM-CM6-1","historical",-85,0,"%"
"rh","CNRM-CM6-1","historical",-80,0,"%"
"rh","CNRM-CM6-1","historical",-75,0,"%"
"rh","CNRM-CM6-1","historical",-70,0,"%"
"rh","CNRM-CM6-1","historical",-65,0,"%"
"rh","CNRM-CM6-1","historical",-60,0.00724576929877978,"%"
"rh","CNRM-CM6-1","historical",-55,0.050916616466619,"%"
"rh","CNRM-CM6-1","historical",-50,0.139828803649772,"%"
"rh","CNRM-CM6-1","historical",-45,0.285731281842375,"%"
"rh","CNRM-CM6-1","historical",-40,0.856712513421005,"%"
"rh","CNRM-CM6-1","historical",-35,2.17106036447573,"%"
"rh","CNRM-CM6-1","historical",-30,2.1645841346056,"%"
"rh","CNRM-CM6-1","historical",-25,4.05093654332467,"%"
"rh","CNRM-CM6-1","historical",-20,4.3338044091965,"%"
"rh","CNRM-CM6-1","historical",-15,7.54855560590264,"%"
"rh","CNRM-CM6-1","historical",-10,8.75936401277868,"%"
"rh","CNRM-CM6-1","historical",-5,15.3283868225145,"%"
"rh","CNRM-CM6-1","historical",0,12.3935824685276,"%"
"rh","CNRM-CM6-1","historical",5,7.35940373993998,"%"
"rh","CNRM-CM6-1","historical",10,6.03519476292323,"%"
"rh","CNRM-CM6-1","historical",15,3.3355503722434,"%"
"rh","CNRM-CM6-1","historical",20,4.88016395533413,"%"
"rh","CNRM-CM6-1","historical",25,2.83366028053675,"%"
"rh","CNRM-CM6-1","historical",30,3.45096955056488,"%"
"rh","CNRM-CM6-1","historical",35,3.11490727963824,"%"
"rh","CNRM-CM6-1","historical",45,3.38315473446073,"%"
"rh","CNRM-CM6-1","historical",50,2.40675294888752,"%"
"rh","CNRM-CM6-1","historical",55,2.43743095312345,"%"
"rh","CNRM-CM6-1","historical",60,1.47513298696786,"%"
"rh","CNRM-CM6-1","historical",65,1.06679849776161,"%"
"rh","CNRM-CM6-1","historical",70,0.124359771609007,"%"
"rh","CNRM-CM6-1","historical",75,0.00491868131111842,"%"
"rh","CNRM-CM6-1","historical",80,0.000892138693666066,"%"
"rh","CNRM-ESM2-1","historical",-90,0,"%"
"rh","CNRM-ESM2-1","historical",-85,0,"%"
"rh","CNRM-ESM2-1","historical",-80,0,"%"
"rh","CNRM-ESM2-1","historical",-75,0,"%"
"rh","CNRM-ESM2-1","historical",-70,0,"%"
"rh","CNRM-ESM2-1","historical",-65,0,"%"
"rh","CNRM-ESM2-1","historical",-60,0.0132120999349581,"%"
"rh","CNRM-ESM2-1","historical",-55,0.124924596285185,"%"
"rh","CNRM-ESM2-1","historical",-50,0.272058123387951,"%"
"rh","CNRM-ESM2-1","historical",-45,0.522204877381347,"%"
"rh","CNRM-ESM2-1","historical",-40,1.26485140427279,"%"
"rh","CNRM-ESM2-1","historical",-35,2.95067506333938,"%"
"rh","CNRM-ESM2-1","historical",-30,2.99209764609425,"%"
"rh","CNRM-ESM2-1","historical",-25,3.92864446424674,"%"
"rh","CNRM-ESM2-1","historical",-20,3.58026493433383,"%"
"rh","CNRM-ESM2-1","historical",-15,5.54965151480429,"%"
"rh","CNRM-ESM2-1","historical",-10,5.54756125369931,"%"
"rh","CNRM-ESM2-1","historical",-5,9.03228197267057,"%"
"rh","CNRM-ESM2-1","historical",0,7.1178339267947,"%"
"rh","CNRM-ESM2-1","historical",5,3.91300227734668,"%"
"rh","CNRM-ESM2-1","historical",10,3.0219559689721,"%"
"rh","CNRM-ESM2-1","historical",15,2.5208119957667,"%"
"rh","CNRM-ESM2-1","historical",20,4.65516680751558,"%"
"rh","CNRM-ESM2-1","historical",25,3.39319310380746,"%"
"rh","CNRM-ESM2-1","historical",30,5.1683991645954,"%"
"rh","CNRM-ESM2-1","historical",35,6.03191033327054,"%"
"rh","CNRM-ESM2-1","historical",45,6.83550890838068,"%"
"rh","CNRM-ESM2-1","historical",50,5.43414976443976,"%"
"rh","CNRM-ESM2-1","historical",55,6.34347155818818,"%"
"rh","CNRM-ESM2-1","historical",60,4.59248306631518,"%"
"rh","CNRM-ESM2-1","historical",65,4.38922114369747,"%"
"rh","CNRM-ESM2-1","historical",70,0.776137827075427,"%"
"rh","CNRM-ESM2-1","historical",75,0.0231072107032097,"%"
"rh","CNRM-ESM2-1","historical",80,0.00521899268035731,"%"
"rh","CNRM-ESM2-1","historical",-90,0,"%"
"rh","CNRM-ESM2-1","historical",-85,0,"%"
"rh","CNRM-ESM2-1","historical",-80,0,"%"
"rh","CNRM-ESM2-1","historical",-75,0,"%"
"rh","CNRM-ESM2-1","historical",-70,0,"%"
"rh","CNRM-ESM2-1","historical",-65,0,"%"
"rh","CNRM-ESM2-1","historical",-60,0.0131558021431289,"%"
"rh","CNRM-ESM2-1","historical",-55,0.122403228081649,"%"
"rh","CNRM-ESM2-1","historical",-50,0.26505257917357,"%"
"rh","CNRM-ESM2-1","historical",-45,0.533587377933175,"%"
"rh","CNRM-ESM2-1","historical",-40,1.35545360047259,"%"
"rh","CNRM-ESM2-1","historical",-35,2.98047886557365,"%"
"rh","CNRM-ESM2-1","historical",-30,3.03033866364211,"%"
"rh","CNRM-ESM2-1","historical",-25,3.9958089844744,"%"
"rh","CNRM-ESM2-1","historical",-20,3.64083632578145,"%"
"rh","CNRM-ESM2-1","historical",-15,5.67529565794157,"%"
"rh","CNRM-ESM2-1","historical",-10,5.6208309745634,"%"
"rh","CNRM-ESM2-1","historical",-5,9.08608044900961,"%"
"rh","CNRM-ESM2-1","historical",0,7.07102546946229,"%"
"rh","CNRM-ESM2-1","historical",5,3.90731733426619,"%"
"rh","CNRM-ESM2-1","historical",10,3.01706539708251,"%"
"rh","CNRM-ESM2-1","historical",15,2.57458605887762,"%"
"rh","CNRM-ESM2-1","historical",20,4.81112082312088,"%"
"rh","CNRM-ESM2-1","historical",25,3.44833545832838,"%"
"rh","CNRM-ESM2-1","historical",30,5.27161587782711,"%"
"rh","CNRM-ESM2-1","historical",35,5.9677378883766,"%"
"rh","CNRM-ESM2-1","historical",45,6.87345038340766,"%"
"rh","CNRM-ESM2-1","historical",50,5.33912165152253,"%"
"rh","CNRM-ESM2-1","historical",55,6.11605328138715,"%"
"rh","CNRM-ESM2-1","historical",60,4.43730948365324,"%"
"rh","CNRM-ESM2-1","historical",65,4.13788485444045,"%"
"rh","CNRM-ESM2-1","historical",70,0.683187058004662,"%"
"rh","CNRM-ESM2-1","historical",75,0.0198398591101341,"%"
"rh","CNRM-ESM2-1","historical",80,0.00502661234232431,"%"
"rh","CNRM-ESM2-1","historical",-90,0,"%"
"rh","CNRM-ESM2-1","historical",-85,0,"%"
"rh","CNRM-ESM2-1","historical",-80,0,"%"
"rh","CNRM-ESM2-1","historical",-75,0,"%"
"rh","CNRM-ESM2-1","historical",-70,0,"%"
"rh","CNRM-ESM2-1","historical",-65,0,"%"
"rh","CNRM-ESM2-1","historical",-60,0.0127471394836647,"%"
"rh","CNRM-ESM2-1","historical",-55,0.121515799625171,"%"
"rh","CNRM-ESM2-1","historical",-50,0.26702680718778,"%"
"rh","CNRM-ESM2-1","historical",-45,0.525165083099835,"%"
"rh","CNRM-ESM2-1","historical",-40,1.31886990420301,"%"
"rh","CNRM-ESM2-1","historical",-35,3.1397975332676,"%"
"rh","CNRM-ESM2-1","historical",-30,3.16539678429715,"%"
"rh","CNRM-ESM2-1","historical",-25,4.03041447455455,"%"
"rh","CNRM-ESM2-1","historical",-20,3.63124475163605,"%"
"rh","CNRM-ESM2-1","historical",-15,5.77036893094642,"%"
"rh","CNRM-ESM2-1","historical",-10,5.66405453090997,"%"
"rh","CNRM-ESM2-1","historical",-5,9.11101120581513,"%"
"rh","CNRM-ESM2-1","historical",0,7.09389606797156,"%"
"rh","CNRM-ESM2-1","historical",5,3.8734659263254,"%"
"rh","CNRM-ESM2-1","historical",10,2.98186160744925,"%"
"rh","CNRM-ESM2-1","historical",15,2.58600419951036,"%"
"rh","CNRM-ESM2-1","historical",20,4.73633237610814,"%"
"rh","CNRM-ESM2-1","historical",25,3.38346113105406,"%"
"rh","CNRM-ESM2-1","historical",30,5.21434529295512,"%"
"rh","CNRM-ESM2-1","historical",35,5.85393799658397,"%"
"rh","CNRM-ESM2-1","historical",45,6.78310253134494,"%"
"rh","CNRM-ESM2-1","historical",50,5.38104300931086,"%"
"rh","CNRM-ESM2-1","historical",55,6.09342531694966,"%"
"rh","CNRM-ESM2-1","historical",60,4.41333379388672,"%"
"rh","CNRM-ESM2-1","historical",65,4.12441718712855,"%"
"rh","CNRM-ESM2-1","historical",70,0.698116092371023,"%"
"rh","CNRM-ESM2-1","historical",75,0.020720110587285,"%"
"rh","CNRM-ESM2-1","historical",80,0.00492441543675299,"%"
"rh","CNRM-ESM2-1","historical",-90,0,"%"
"rh","CNRM-ESM2-1","historical",-85,0,"%"
"rh","CNRM-ESM2-1","historical",-80,0,"%"
"rh","CNRM-ESM2-1","historical",-75,0,"%"
"rh","CNRM-ESM2-1","historical",-70,0,"%"
"rh","CNRM-ESM2-1","historical",-65,0,"%"
"rh","CNRM-ESM2-1","historical",-60,0.0127875765594055,"%"
"rh","CNRM-ESM2-1","historical",-55,0.11896104747937,"%"
"rh","CNRM-ESM2-1","historical",-50,0.25526995563076,"%"
"rh","CNRM-ESM2-1","historical",-45,0.514457980618716,"%"
"rh","CNRM-ESM2-1","historical",-40,1.36268786548367,"%"
"rh","CNRM-ESM2-1","historical",-35,3.13929479944016,"%"
"rh","CNRM-ESM2-1","historical",-30,3.22190865001788,"%"
"rh","CNRM-ESM2-1","historical",-25,4.13970851458871,"%"
"rh","CNRM-ESM2-1","historical",-20,3.6326056603603,"%"
"rh","CNRM-ESM2-1","historical",-15,5.55716702182167,"%"
"rh","CNRM-ESM2-1","historical",-10,5.50681866529898,"%"
"rh","CNRM-ESM2-1","historical",-5,8.90397398008663,"%"
"rh","CNRM-ESM2-1","historical",0,6.97900212164513,"%"
"rh","CNRM-ESM2-1","historical",5,3.87401302367847,"%"
"rh","CNRM-ESM2-1","historical",10,3.04492643043908,"%"
"rh","CNRM-ESM2-1","historical",15,2.55985358522159,"%"
"rh","CNRM-ESM2-1","historical",20,4.6950701247599,"%"
"rh","CNRM-ESM2-1","historical",25,3.37234326182471,"%"
"rh","CNRM-ESM2-1","historical",30,5.22112434926038,"%"
"rh","CNRM-ESM2-1","historical",35,5.96610575538483,"%"
"rh","CNRM-ESM2-1","historical",45,6.69204466380537,"%"
"rh","CNRM-ESM2-1","historical",50,5.34918595405361,"%"
"rh","CNRM-ESM2-1","historical",55,6.32962413530567,"%"
"rh","CNRM-ESM2-1","historical",60,4.55279352123192,"%"
"rh","CNRM-ESM2-1","historical",65,4.24358220238063,"%"
"rh","CNRM-ESM2-1","historical",70,0.728116847171075,"%"
"rh","CNRM-ESM2-1","historical",75,0.0217666710790128,"%"
"rh","CNRM-ESM2-1","historical",80,0.00480563537238831,"%"
"rh","IPSL-CM6A-LR","historical",-60,0.000259236876233266,"%"
"rh","IPSL-CM6A-LR","historical",-55,0.0561050600206692,"%"
"rh","IPSL-CM6A-LR","historical",-50,0.147007576706697,"%"
"rh","IPSL-CM6A-LR","historical",-45,0.382965738968787,"%"
"rh","IPSL-CM6A-LR","historical",-40,0.708055295221141,"%"
"rh","IPSL-CM6A-LR","historical",-35,1.99304939487889,"%"
"rh","IPSL-CM6A-LR","historical",-30,3.4623391174921,"%"
"rh","IPSL-CM6A-LR","historical",-25,5.64085951716366,"%"
"rh","IPSL-CM6A-LR","historical",-20,7.08697312652323,"%"
"rh","IPSL-CM6A-LR","historical",-15,6.55675434458173,"%"
"rh","IPSL-CM6A-LR","historical",-10,9.25950694901651,"%"
"rh","IPSL-CM6A-LR","historical",-5,9.81538934786035,"%"
"rh","IPSL-CM6A-LR","historical",0,9.337077194518,"%"
"rh","IPSL-CM6A-LR","historical",5,10.1444788776793,"%"
"rh","IPSL-CM6A-LR","historical",10,5.02828463889222,"%"
"rh","IPSL-CM6A-LR","historical",15,2.80448819259905,"%"
"rh","IPSL-CM6A-LR","historical",20,2.94484035773113,"%"
"rh","IPSL-CM6A-LR","historical",25,3.07936692998031,"%"
"rh","IPSL-CM6A-LR","historical",30,3.2084173373517,"%"
"rh","IPSL-CM6A-LR","historical",35,3.55195236249648,"%"
"rh","IPSL-CM6A-LR","historical",40,3.85331870163672,"%"
"rh","IPSL-CM6A-LR","historical",45,4.03233760774951,"%"
"rh","IPSL-CM6A-LR","historical",50,3.81181299194826,"%"
"rh","IPSL-CM6A-LR","historical",55,3.09436010210731,"%"
"rh","IPSL-CM6A-LR","historical",-60,0.000253140129196929,"%"
"rh","IPSL-CM6A-LR","historical",-55,0.0553791955456219,"%"
"rh","IPSL-CM6A-LR","historical",-50,0.149189081208831,"%"
"rh","IPSL-CM6A-LR","historical",-45,0.384888446242704,"%"
"rh","IPSL-CM6A-LR","historical",-40,0.702935996060942,"%"
"rh","IPSL-CM6A-LR","historical",-35,1.97079951963644,"%"
"rh","IPSL-CM6A-LR","historical",-30,3.41699139246319,"%"
"rh","IPSL-CM6A-LR","historical",-25,5.65085006809593,"%"
"rh","IPSL-CM6A-LR","historical",-20,7.17453767521147,"%"
"rh","IPSL-CM6A-LR","historical",-15,6.67132303887273,"%"
"rh","IPSL-CM6A-LR","historical",-10,9.35715264778277,"%"
"rh","IPSL-CM6A-LR","historical",-5,9.89665722205763,"%"
"rh","IPSL-CM6A-LR","historical",0,9.39195839282723,"%"
"rh","IPSL-CM6A-LR","historical",5,10.2769999717412,"%"
"rh","IPSL-CM6A-LR","historical",10,5.15094766195211,"%"
"rh","IPSL-CM6A-LR","historical",15,2.77879592509577,"%"
"rh","IPSL-CM6A-LR","historical",20,2.91521706685052,"%"
"rh","IPSL-CM6A-LR","historical",25,3.02352550927226,"%"
"rh","IPSL-CM6A-LR","historical",30,3.12817197317623,"%"
"rh","IPSL-CM6A-LR","historical",35,3.49838078695289,"%"
"rh","IPSL-CM6A-LR","historical",40,3.76149293709661,"%"
"rh","IPSL-CM6A-LR","historical",45,3.93651508523615,"%"
"rh","IPSL-CM6A-LR","historical",50,3.70839659501919,"%"
"rh","IPSL-CM6A-LR","historical",55,2.99864067147237,"%"
"rh","IPSL-CM6A-LR","historical",-60,0.000259700136331182,"%"
"rh","IPSL-CM6A-LR","historical",-55,0.0575611513106665,"%"
"rh","IPSL-CM6A-LR","historical",-50,0.143064626772838,"%"
"rh","IPSL-CM6A-LR","historical",-45,0.367377533736611,"%"
"rh","IPSL-CM6A-LR","historical",-40,0.693181890389847,"%"
"rh","IPSL-CM6A-LR","historical",-35,2.00282691106803,"%"
"rh","IPSL-CM6A-LR","historical",-30,3.48640863080968,"%"
"rh","IPSL-CM6A-LR","historical",-25,5.67405841792097,"%"
"rh","IPSL-CM6A-LR","historical",-20,7.00409080663423,"%"
"rh","IPSL-CM6A-LR","historical",-15,6.51806369211038,"%"
"rh","IPSL-CM6A-LR","historical",-10,9.22018371679601,"%"
"rh","IPSL-CM6A-LR","historical",-5,9.78286380751414,"%"
"rh","IPSL-CM6A-LR","historical",0,9.33633353030245,"%"
"rh","IPSL-CM6A-LR","historical",5,10.2569365317458,"%"
"rh","IPSL-CM6A-LR","historical",10,5.1733760312953,"%"
"rh","IPSL-CM6A-LR","historical",15,2.81429685711591,"%"
"rh","IPSL-CM6A-LR","historical",20,2.90739714912728,"%"
"rh","IPSL-CM6A-LR","historical",25,3.15155977846697,"%"
"rh","IPSL-CM6A-LR","historical",30,3.26800838930351,"%"
"rh","IPSL-CM6A-LR","historical",35,3.58317021354433,"%"
"rh","IPSL-CM6A-LR","historical",40,3.81640783852253,"%"
"rh","IPSL-CM6A-LR","historical",45,3.92844684316479,"%"
"rh","IPSL-CM6A-LR","historical",50,3.75735161601768,"%"
"rh","IPSL-CM6A-LR","historical",55,3.05677433619366,"%"
"rh","IPSL-CM6A-LR","historical",-60,0.000252019424372789,"%"
"rh","IPSL-CM6A-LR","historical",-55,0.0549792216146693,"%"
"rh","IPSL-CM6A-LR","historical",-50,0.146683300395317,"%"
"rh","IPSL-CM6A-LR","historical",-45,0.384476496624775,"%"
"rh","IPSL-CM6A-LR","historical",-40,0.713781795404782,"%"
"rh","IPSL-CM6A-LR","historical",-35,2.00808752824163,"%"
"rh","IPSL-CM6A-LR","historical",-30,3.46751520678667,"%"
"rh","IPSL-CM6A-LR","historical",-25,5.67176009595979,"%"
"rh","IPSL-CM6A-LR","historical",-20,7.16342908872139,"%"
"rh","IPSL-CM6A-LR","historical",-15,6.7285144564146,"%"
"rh","IPSL-CM6A-LR","historical",-10,9.38287206770448,"%"
"rh","IPSL-CM6A-LR","historical",-5,9.83795176103653,"%"
"rh","IPSL-CM6A-LR","historical",0,9.28273546751943,"%"
"rh","IPSL-CM6A-LR","historical",5,10.0979236048055,"%"
"rh","IPSL-CM6A-LR","historical",10,5.15024584037905,"%"
"rh","IPSL-CM6A-LR","historical",15,2.73386999604577,"%"
"rh","IPSL-CM6A-LR","historical",20,2.85315072587417,"%"
"rh","IPSL-CM6A-LR","historical",25,3.025347972631,"%"
"rh","IPSL-CM6A-LR","historical",30,3.18151039898537,"%"
"rh","IPSL-CM6A-LR","historical",35,3.50834131131726,"%"
"rh","IPSL-CM6A-LR","historical",40,3.78987174466442,"%"
"rh","IPSL-CM6A-LR","historical",45,3.99659502240102,"%"
"rh","IPSL-CM6A-LR","historical",50,3.77863466515313,"%"
"rh","IPSL-CM6A-LR","historical",55,3.04147021189487,"%"
"rh","IPSL-CM6A-LR","historical",-60,0.000264132685484338,"%"
"rh","IPSL-CM6A-LR","historical",-55,0.0552587207124293,"%"
"rh","IPSL-CM6A-LR","historical",-50,0.147459638787529,"%"
"rh","IPSL-CM6A-LR","historical",-45,0.381554879979371,"%"
"rh","IPSL-CM6A-LR","historical",-40,0.687291045453629,"%"
"rh","IPSL-CM6A-LR","historical",-35,1.96893025553782,"%"
"rh","IPSL-CM6A-LR","historical",-30,3.35740575131751,"%"
"rh","IPSL-CM6A-LR","historical",-25,5.52456647792023,"%"
"rh","IPSL-CM6A-LR","historical",-20,7.02295243054097,"%"
"rh","IPSL-CM6A-LR","historical",-15,6.59860630868034,"%"
"rh","IPSL-CM6A-LR","historical",-10,9.36007679753621,"%"
"rh","IPSL-CM6A-LR","historical",-5,9.86061885028906,"%"
"rh","IPSL-CM6A-LR","historical",0,9.39764309123931,"%"
"rh","IPSL-CM6A-LR","historical",5,10.2127550735685,"%"
"rh","IPSL-CM6A-LR","historical",10,5.1706661734475,"%"
"rh","IPSL-CM6A-LR","historical",15,2.81581713110039,"%"
"rh","IPSL-CM6A-LR","historical",20,2.93433500229667,"%"
"rh","IPSL-CM6A-LR","historical",25,3.10498162084999,"%"
"rh","IPSL-CM6A-LR","historical",30,3.20112975361251,"%"
"rh","IPSL-CM6A-LR","historical",35,3.52942760303993,"%"
"rh","IPSL-CM6A-LR","historical",40,3.79073121896265,"%"
"rh","IPSL-CM6A-LR","historical",45,3.99825324650819,"%"
"rh","IPSL-CM6A-LR","historical",50,3.81380544224795,"%"
"rh","IPSL-CM6A-LR","historical",55,3.06546935368582,"%"
"rh","IPSL-CM6A-LR","historical",-60,0.000344041718740092,"%"
"rh","IPSL-CM6A-LR","historical",-55,0.0592997319605198,"%"
"rh","IPSL-CM6A-LR","historical",-50,0.151286433148156,"%"
"rh","IPSL-CM6A-LR","historical",-45,0.377319418395616,"%"
"rh","IPSL-CM6A-LR","historical",-40,0.693005650808978,"%"
"rh","IPSL-CM6A-LR","historical",-35,2.00215645833153,"%"
"rh","IPSL-CM6A-LR","historical",-30,3.47456410125365,"%"
"rh","IPSL-CM6A-LR","historical",-25,5.70219890193177,"%"
"rh","IPSL-CM6A-LR","historical",-20,7.14416897183936,"%"
"rh","IPSL-CM6A-LR","historical",-15,6.6310808282154,"%"
"rh","IPSL-CM6A-LR","historical",-10,9.28832879126218,"%"
"rh","IPSL-CM6A-LR","historical",-5,9.83182476977763,"%"
"rh","IPSL-CM6A-LR","historical",0,9.36723834941613,"%"
"rh","IPSL-CM6A-LR","historical",5,10.2048972252882,"%"
"rh","IPSL-CM6A-LR","historical",10,5.10713559719696,"%"
"rh","IPSL-CM6A-LR","historical",15,2.81245398396567,"%"
"rh","IPSL-CM6A-LR","historical",20,2.89649017793599,"%"
"rh","IPSL-CM6A-LR","historical",25,3.06683005470962,"%"
"rh","IPSL-CM6A-LR","historical",30,3.18952623813645,"%"
"rh","IPSL-CM6A-LR","historical",35,3.55184578227514,"%"
"rh","IPSL-CM6A-LR","historical",40,3.80489614155452,"%"
"rh","IPSL-CM6A-LR","historical",45,3.91479604511826,"%"
"rh","IPSL-CM6A-LR","historical",50,3.69553263416807,"%"
"rh","IPSL-CM6A-LR","historical",55,3.03277967159145,"%"
"rh","IPSL-CM6A-LR","historical",-60,0.000285123871396276,"%"
"rh","IPSL-CM6A-LR","historical",-55,0.0579896188455442,"%"
"rh","IPSL-CM6A-LR","historical",-50,0.150080639530928,"%"
"rh","IPSL-CM6A-LR","historical",-45,0.389253158086647,"%"
"rh","IPSL-CM6A-LR","historical",-40,0.707137755671427,"%"
"rh","IPSL-CM6A-LR","historical",-35,1.98402523470383,"%"
"rh","IPSL-CM6A-LR","historical",-30,3.43572473233792,"%"
"rh","IPSL-CM6A-LR","historical",-25,5.63780267210412,"%"
"rh","IPSL-CM6A-LR","historical",-20,7.0948732047379,"%"
"rh","IPSL-CM6A-LR","historical",-15,6.58720570037767,"%"
"rh","IPSL-CM6A-LR","historical",-10,9.31370028436726,"%"
"rh","IPSL-CM6A-LR","historical",-5,9.84959634461417,"%"
"rh","IPSL-CM6A-LR","historical",0,9.3223135489325,"%"
"rh","IPSL-CM6A-LR","historical",5,10.1824416385768,"%"
"rh","IPSL-CM6A-LR","historical",10,5.09224951899342,"%"
"rh","IPSL-CM6A-LR","historical",15,2.7838203021064,"%"
"rh","IPSL-CM6A-LR","historical",20,2.9706169350969,"%"
"rh","IPSL-CM6A-LR","historical",25,3.03167789948902,"%"
"rh","IPSL-CM6A-LR","historical",30,3.15393213269939,"%"
"rh","IPSL-CM6A-LR","historical",35,3.51592508223084,"%"
"rh","IPSL-CM6A-LR","historical",40,3.84134011164723,"%"
"rh","IPSL-CM6A-LR","historical",45,4.00481541869086,"%"
"rh","IPSL-CM6A-LR","historical",50,3.80089770820836,"%"
"rh","IPSL-CM6A-LR","historical",55,3.09229523407947,"%"
"rh","IPSL-CM6A-LR","historical",-60,0.000266358886041331,"%"
"rh","IPSL-CM6A-LR","historical",-55,0.0574241739249248,"%"
"rh","IPSL-CM6A-LR","historical",-50,0.147130448208128,"%"
"rh","IPSL-CM6A-LR","historical",-45,0.378306881380783,"%"
"rh","IPSL-CM6A-LR","historical",-40,0.707089326180542,"%"
"rh","IPSL-CM6A-LR","historical",-35,1.96329169301061,"%"
"rh","IPSL-CM6A-LR","historical",-30,3.3810997794986,"%"
"rh","IPSL-CM6A-LR","historical",-25,5.50410498044112,"%"
"rh","IPSL-CM6A-LR","historical",-20,7.06165304534164,"%"
"rh","IPSL-CM6A-LR","historical",-15,6.55174370052957,"%"
"rh","IPSL-CM6A-LR","historical",-10,9.2616459832593,"%"
"rh","IPSL-CM6A-LR","historical",-5,9.79188339237918,"%"
"rh","IPSL-CM6A-LR","historical",0,9.36688151582349,"%"
"rh","IPSL-CM6A-LR","historical",5,10.2731583493214,"%"
"rh","IPSL-CM6A-LR","historical",10,5.15295161063145,"%"
"rh","IPSL-CM6A-LR","historical",15,2.7978338343676,"%"
"rh","IPSL-CM6A-LR","historical",20,2.90170121640287,"%"
"rh","IPSL-CM6A-LR","historical",25,3.13126086707843,"%"
"rh","IPSL-CM6A-LR","historical",30,3.27280703615745,"%"
"rh","IPSL-CM6A-LR","historical",35,3.59119705865725,"%"
"rh","IPSL-CM6A-LR","historical",40,3.82348735362116,"%"
"rh","IPSL-CM6A-LR","historical",45,3.98472544385163,"%"
"rh","IPSL-CM6A-LR","historical",50,3.81137737708868,"%"
"rh","IPSL-CM6A-LR","historical",55,3.08697857395814,"%"
"rh","IPSL-CM6A-LR","historical",-60,0.000244181433460654,"%"
"rh","IPSL-CM6A-LR","historical",-55,0.0537832318849544,"%"
"rh","IPSL-CM6A-LR","historical",-50,0.137724330547183,"%"
"rh","IPSL-CM6A-LR","historical",-45,0.366199504301489,"%"
"rh","IPSL-CM6A-LR","historical",-40,0.718312532770087,"%"
"rh","IPSL-CM6A-LR","historical",-35,2.01862096123344,"%"
"rh","IPSL-CM6A-LR","historical",-30,3.51774289240848,"%"
"rh","IPSL-CM6A-LR","historical",-25,5.66841913237127,"%"
"rh","IPSL-CM6A-LR","historical",-20,7.08308647062811,"%"
"rh","IPSL-CM6A-LR","historical",-15,6.63265198289605,"%"
"rh","IPSL-CM6A-LR","historical",-10,9.27843332999931,"%"
"rh","IPSL-CM6A-LR","historical",-5,9.80872616638716,"%"
"rh","IPSL-CM6A-LR","historical",0,9.3585352774211,"%"
"rh","IPSL-CM6A-LR","historical",5,10.2377624539903,"%"
"rh","IPSL-CM6A-LR","historical",10,5.04616409781834,"%"
"rh","IPSL-CM6A-LR","historical",15,2.80760935503695,"%"
"rh","IPSL-CM6A-LR","historical",20,2.94446998865871,"%"
"rh","IPSL-CM6A-LR","historical",25,3.07417155643553,"%"
"rh","IPSL-CM6A-LR","historical",30,3.16844587896352,"%"
"rh","IPSL-CM6A-LR","historical",35,3.51901694829573,"%"
"rh","IPSL-CM6A-LR","historical",40,3.78712219642703,"%"
"rh","IPSL-CM6A-LR","historical",45,3.93392153671375,"%"
"rh","IPSL-CM6A-LR","historical",50,3.79454265686732,"%"
"rh","IPSL-CM6A-LR","historical",55,3.04429333651081,"%"
"rh","IPSL-CM6A-LR","historical",-60,0.000299145374480039,"%"
"rh","IPSL-CM6A-LR","historical",-55,0.0617468481070527,"%"
"rh","IPSL-CM6A-LR","historical",-50,0.151993518035244,"%"
"rh","IPSL-CM6A-LR","historical",-45,0.387739529059638,"%"
"rh","IPSL-CM6A-LR","historical",-40,0.71112830233247,"%"
"rh","IPSL-CM6A-LR","historical",-35,1.95888651155541,"%"
"rh","IPSL-CM6A-LR","historical",-30,3.3945501772592,"%"
"rh","IPSL-CM6A-LR","historical",-25,5.54314916256641,"%"
"rh","IPSL-CM6A-LR","historical",-20,7.10874380062106,"%"
"rh","IPSL-CM6A-LR","historical",-15,6.6137008258522,"%"
"rh","IPSL-CM6A-LR","historical",-10,9.32837082014622,"%"
"rh","IPSL-CM6A-LR","historical",-5,9.86569565724914,"%"
"rh","IPSL-CM6A-LR","historical",0,9.37158684873436,"%"
"rh","IPSL-CM6A-LR","historical",5,10.212739871558,"%"
"rh","IPSL-CM6A-LR","historical",10,5.07035199359448,"%"
"rh","IPSL-CM6A-LR","historical",15,2.79952107601694,"%"
"rh","IPSL-CM6A-LR","historical",20,2.9599229483128,"%"
"rh","IPSL-CM6A-LR","historical",25,3.12424286067214,"%"
"rh","IPSL-CM6A-LR","historical",30,3.21219387056736,"%"
"rh","IPSL-CM6A-LR","historical",35,3.53015607043349,"%"
"rh","IPSL-CM6A-LR","historical",40,3.79672483395022,"%"
"rh","IPSL-CM6A-LR","historical",45,3.97320203892867,"%"
"rh","IPSL-CM6A-LR","historical",50,3.76158262432758,"%"
"rh","IPSL-CM6A-LR","historical",55,3.06177066474544,"%"
"rh","IPSL-CM6A-LR","historical",-60,0.000246881979429548,"%"
"rh","IPSL-CM6A-LR","historical",-55,0.0576546019308338,"%"
"rh","IPSL-CM6A-LR","historical",-50,0.15227219984153,"%"
"rh","IPSL-CM6A-LR","historical",-45,0.383881457015046,"%"
"rh","IPSL-CM6A-LR","historical",-40,0.731990668851636,"%"
"rh","IPSL-CM6A-LR","historical",-35,2.01240092882437,"%"
"rh","IPSL-CM6A-LR","historical",-30,3.46289949744195,"%"
"rh","IPSL-CM6A-LR","historical",-25,5.60896545381744,"%"
"rh","IPSL-CM6A-LR","historical",-20,7.13875940982493,"%"
"rh","IPSL-CM6A-LR","historical",-15,6.62560423778786,"%"
"rh","IPSL-CM6A-LR","historical",-10,9.29953583820117,"%"
"rh","IPSL-CM6A-LR","historical",-5,9.79650656836369,"%"
"rh","IPSL-CM6A-LR","historical",0,9.35528923185337,"%"
"rh","IPSL-CM6A-LR","historical",5,10.3191497773398,"%"
"rh","IPSL-CM6A-LR","historical",10,5.07554491629861,"%"
"rh","IPSL-CM6A-LR","historical",15,2.73264113276023,"%"
"rh","IPSL-CM6A-LR","historical",20,2.86077116580584,"%"
"rh","IPSL-CM6A-LR","historical",25,3.03908893989315,"%"
"rh","IPSL-CM6A-LR","historical",30,3.14448646113296,"%"
"rh","IPSL-CM6A-LR","historical",35,3.49301799323172,"%"
"rh","IPSL-CM6A-LR","historical",40,3.79546231455375,"%"
"rh","IPSL-CM6A-LR","historical",45,4.04175643864555,"%"
"rh","IPSL-CM6A-LR","historical",50,3.84124010761306,"%"
"rh","IPSL-CM6A-LR","historical",55,3.03083377699208,"%"
"rh","IPSL-CM6A-LR","historical",-60,0.000256309533128589,"%"
"rh","IPSL-CM6A-LR","historical",-55,0.0533701339635973,"%"
"rh","IPSL-CM6A-LR","historical",-50,0.140074248448994,"%"
"rh","IPSL-CM6A-LR","historical",-45,0.368917683381389,"%"
"rh","IPSL-CM6A-LR","historical",-40,0.683137950176034,"%"
"rh","IPSL-CM6A-LR","historical",-35,1.95975354972186,"%"
"rh","IPSL-CM6A-LR","historical",-30,3.37180231736921,"%"
"rh","IPSL-CM6A-LR","historical",-25,5.60226039308626,"%"
"rh","IPSL-CM6A-LR","historical",-20,7.06873594348327,"%"
"rh","IPSL-CM6A-LR","historical",-15,6.58967084035692,"%"
"rh","IPSL-CM6A-LR","historical",-10,9.27096515871286,"%"
"rh","IPSL-CM6A-LR","historical",-5,9.85622085826196,"%"
"rh","IPSL-CM6A-LR","historical",0,9.40337715489374,"%"
"rh","IPSL-CM6A-LR","historical",5,10.3191054823911,"%"
"rh","IPSL-CM6A-LR","historical",10,5.16505400542801,"%"
"rh","IPSL-CM6A-LR","historical",15,2.78731781268058,"%"
"rh","IPSL-CM6A-LR","historical",20,2.88262765338897,"%"
"rh","IPSL-CM6A-LR","historical",25,3.00404366440704,"%"
"rh","IPSL-CM6A-LR","historical",30,3.17675382891902,"%"
"rh","IPSL-CM6A-LR","historical",35,3.59692542580992,"%"
"rh","IPSL-CM6A-LR","historical",40,3.89429864245268,"%"
"rh","IPSL-CM6A-LR","historical",45,4.01698394960117,"%"
"rh","IPSL-CM6A-LR","historical",50,3.79327614683662,"%"
"rh","IPSL-CM6A-LR","historical",55,2.99507084669564,"%"
"rh","IPSL-CM6A-LR","historical",-60,0.000299512389150242,"%"
"rh","IPSL-CM6A-LR","historical",-55,0.0598119987291138,"%"
"rh","IPSL-CM6A-LR","historical",-50,0.150088375991537,"%"
"rh","IPSL-CM6A-LR","historical",-45,0.380809657542994,"%"
"rh","IPSL-CM6A-LR","historical",-40,0.720312912365491,"%"
"rh","IPSL-CM6A-LR","historical",-35,1.99256470896414,"%"
"rh","IPSL-CM6A-LR","historical",-30,3.39833307933129,"%"
"rh","IPSL-CM6A-LR","historical",-25,5.49066121952436,"%"
"rh","IPSL-CM6A-LR","historical",-20,7.08432174122517,"%"
"rh","IPSL-CM6A-LR","historical",-15,6.62514749559297,"%"
"rh","IPSL-CM6A-LR","historical",-10,9.226218298633,"%"
"rh","IPSL-CM6A-LR","historical",-5,9.75967477293791,"%"
"rh","IPSL-CM6A-LR","historical",0,9.26238528821937,"%"
"rh","IPSL-CM6A-LR","historical",5,10.2256637506699,"%"
"rh","IPSL-CM6A-LR","historical",10,5.16516869793351,"%"
"rh","IPSL-CM6A-LR","historical",15,2.81519623462637,"%"
"rh","IPSL-CM6A-LR","historical",20,2.95527278542271,"%"
"rh","IPSL-CM6A-LR","historical",25,3.07773704747339,"%"
"rh","IPSL-CM6A-LR","historical",30,3.19206947538622,"%"
"rh","IPSL-CM6A-LR","historical",35,3.60026624410794,"%"
"rh","IPSL-CM6A-LR","historical",40,3.88312507080456,"%"
"rh","IPSL-CM6A-LR","historical",45,4.01174644397759,"%"
"rh","IPSL-CM6A-LR","historical",50,3.81410698970443,"%"
"rh","IPSL-CM6A-LR","historical",55,3.10901819844691,"%"
"rh","IPSL-CM6A-LR","historical",-60,0.000263837284954642,"%"
"rh","IPSL-CM6A-LR","historical",-55,0.0521137029204816,"%"
"rh","IPSL-CM6A-LR","historical",-50,0.135725746518467,"%"
"rh","IPSL-CM6A-LR","historical",-45,0.369602650348861,"%"
"rh","IPSL-CM6A-LR","historical",-40,0.715697982134614,"%"
"rh","IPSL-CM6A-LR","historical",-35,2.04409510101915,"%"
"rh","IPSL-CM6A-LR","historical",-30,3.51380264241785,"%"
"rh","IPSL-CM6A-LR","historical",-25,5.80056184583114,"%"
"rh","IPSL-CM6A-LR","historical",-20,7.15896741719108,"%"
"rh","IPSL-CM6A-LR","historical",-15,6.61040385655627,"%"
"rh","IPSL-CM6A-LR","historical",-10,9.27135952427979,"%"
"rh","IPSL-CM6A-LR","historical",-5,9.76152210713023,"%"
"rh","IPSL-CM6A-LR","historical",0,9.25074062880071,"%"
"rh","IPSL-CM6A-LR","historical",5,10.2109324786821,"%"
"rh","IPSL-CM6A-LR","historical",10,5.16147418036726,"%"
"rh","IPSL-CM6A-LR","historical",15,2.79781459904688,"%"
"rh","IPSL-CM6A-LR","historical",20,2.91067961541453,"%"
"rh","IPSL-CM6A-LR","historical",25,3.00348767359291,"%"
"rh","IPSL-CM6A-LR","historical",30,3.12741008787964,"%"
"rh","IPSL-CM6A-LR","historical",35,3.49014413266179,"%"
"rh","IPSL-CM6A-LR","historical",40,3.81169722403111,"%"
"rh","IPSL-CM6A-LR","historical",45,3.96829955059871,"%"
"rh","IPSL-CM6A-LR","historical",50,3.80250085995884,"%"
"rh","IPSL-CM6A-LR","historical",55,3.03070255533262,"%"
"rh","IPSL-CM6A-LR","historical",-60,0.000296920474130994,"%"
"rh","IPSL-CM6A-LR","historical",-55,0.0564023701273982,"%"
"rh","IPSL-CM6A-LR","historical",-50,0.146997338630314,"%"
"rh","IPSL-CM6A-LR","historical",-45,0.382834195228949,"%"
"rh","IPSL-CM6A-LR","historical",-40,0.701809368811711,"%"
"rh","IPSL-CM6A-LR","historical",-35,1.96349612228414,"%"
"rh","IPSL-CM6A-LR","historical",-30,3.44892097065126,"%"
"rh","IPSL-CM6A-LR","historical",-25,5.66209591898113,"%"
"rh","IPSL-CM6A-LR","historical",-20,7.0422950112868,"%"
"rh","IPSL-CM6A-LR","historical",-15,6.53492864136717,"%"
"rh","IPSL-CM6A-LR","historical",-10,9.25418436228419,"%"
"rh","IPSL-CM6A-LR","historical",-5,9.78478417640229,"%"
"rh","IPSL-CM6A-LR","historical",0,9.32170398812803,"%"
"rh","IPSL-CM6A-LR","historical",5,10.207978902034,"%"
"rh","IPSL-CM6A-LR","historical",10,5.14820707836588,"%"
"rh","IPSL-CM6A-LR","historical",15,2.82623800638242,"%"
"rh","IPSL-CM6A-LR","historical",20,2.92102521339462,"%"
"rh","IPSL-CM6A-LR","historical",25,3.12411760302784,"%"
"rh","IPSL-CM6A-LR","historical",30,3.24728371335129,"%"
"rh","IPSL-CM6A-LR","historical",35,3.56112563371656,"%"
"rh","IPSL-CM6A-LR","historical",40,3.81621262598155,"%"
"rh","IPSL-CM6A-LR","historical",45,4.00535382091415,"%"
"rh","IPSL-CM6A-LR","historical",50,3.81523510245921,"%"
"rh","IPSL-CM6A-LR","historical",55,3.02647291571493,"%"
"rh","IPSL-CM6A-LR","historical",-60,0.000278748197813091,"%"
"rh","IPSL-CM6A-LR","historical",-55,0.0575096842615801,"%"
"rh","IPSL-CM6A-LR","historical",-50,0.147904169502134,"%"
"rh","IPSL-CM6A-LR","historical",-45,0.381034791056275,"%"
"rh","IPSL-CM6A-LR","historical",-40,0.709631166792904,"%"
"rh","IPSL-CM6A-LR","historical",-35,1.99123794749123,"%"
"rh","IPSL-CM6A-LR","historical",-30,3.49903091875748,"%"
"rh","IPSL-CM6A-LR","historical",-25,5.68044485071184,"%"
"rh","IPSL-CM6A-LR","historical",-20,7.0913188028311,"%"
"rh","IPSL-CM6A-LR","historical",-15,6.60944491223484,"%"
"rh","IPSL-CM6A-LR","historical",-10,9.28907267080544,"%"
"rh","IPSL-CM6A-LR","historical",-5,9.81807521921277,"%"
"rh","IPSL-CM6A-LR","historical",0,9.34796001166591,"%"
"rh","IPSL-CM6A-LR","historical",5,10.1734281083366,"%"
"rh","IPSL-CM6A-LR","historical",10,5.12203266123409,"%"
"rh","IPSL-CM6A-LR","historical",15,2.77984040872804,"%"
"rh","IPSL-CM6A-LR","historical",20,2.88668856334057,"%"
"rh","IPSL-CM6A-LR","historical",25,3.06549285291256,"%"
"rh","IPSL-CM6A-LR","historical",30,3.19552910575846,"%"
"rh","IPSL-CM6A-LR","historical",35,3.50815610354804,"%"
"rh","IPSL-CM6A-LR","historical",40,3.80315967279507,"%"
"rh","IPSL-CM6A-LR","historical",45,4.00359314162905,"%"
"rh","IPSL-CM6A-LR","historical",50,3.80053384438546,"%"
"rh","IPSL-CM6A-LR","historical",55,3.03860164381074,"%"
"rh","IPSL-CM6A-LR","historical",-60,0.000242623626005032,"%"
"rh","IPSL-CM6A-LR","historical",-55,0.0568103358229354,"%"
"rh","IPSL-CM6A-LR","historical",-50,0.15502125530649,"%"
"rh","IPSL-CM6A-LR","historical",-45,0.385353029315471,"%"
"rh","IPSL-CM6A-LR","historical",-40,0.721367029543713,"%"
"rh","IPSL-CM6A-LR","historical",-35,2.01584121109286,"%"
"rh","IPSL-CM6A-LR","historical",-30,3.42703793610461,"%"
"rh","IPSL-CM6A-LR","historical",-25,5.5755603713845,"%"
"rh","IPSL-CM6A-LR","historical",-20,7.03333759288088,"%"
"rh","IPSL-CM6A-LR","historical",-15,6.67673666213682,"%"
"rh","IPSL-CM6A-LR","historical",-10,9.39811335024011,"%"
"rh","IPSL-CM6A-LR","historical",-5,9.89679506075305,"%"
"rh","IPSL-CM6A-LR","historical",0,9.43830137619768,"%"
"rh","IPSL-CM6A-LR","historical",5,10.2978502593614,"%"
"rh","IPSL-CM6A-LR","historical",10,4.95116294877419,"%"
"rh","IPSL-CM6A-LR","historical",15,2.77408200037967,"%"
"rh","IPSL-CM6A-LR","historical",20,2.96382733952058,"%"
"rh","IPSL-CM6A-LR","historical",25,3.08284168625333,"%"
"rh","IPSL-CM6A-LR","historical",30,3.19413650369315,"%"
"rh","IPSL-CM6A-LR","historical",35,3.47579189201318,"%"
"rh","IPSL-CM6A-LR","historical",40,3.76474494641343,"%"
"rh","IPSL-CM6A-LR","historical",45,3.95121987993117,"%"
"rh","IPSL-CM6A-LR","historical",50,3.75374072878722,"%"
"rh","IPSL-CM6A-LR","historical",55,3.01008398046759,"%"
"rh","IPSL-CM6A-LR","historical",-60,0.000256244449643192,"%"
"rh","IPSL-CM6A-LR","historical",-55,0.0561841555606794,"%"
"rh","IPSL-CM6A-LR","historical",-50,0.146102598680663,"%"
"rh","IPSL-CM6A-LR","historical",-45,0.377955421624446,"%"
"rh","IPSL-CM6A-LR","historical",-40,0.691617715127071,"%"
"rh","IPSL-CM6A-LR","historical",-35,2.01948125292927,"%"
"rh","IPSL-CM6A-LR","historical",-30,3.45983889529826,"%"
"rh","IPSL-CM6A-LR","historical",-25,5.67788711756721,"%"
"rh","IPSL-CM6A-LR","historical",-20,7.1452643231415,"%"
"rh","IPSL-CM6A-LR","historical",-15,6.58968552461334,"%"
"rh","IPSL-CM6A-LR","historical",-10,9.2257808806576,"%"
"rh","IPSL-CM6A-LR","historical",-5,9.75177605219922,"%"
"rh","IPSL-CM6A-LR","historical",0,9.30107415756875,"%"
"rh","IPSL-CM6A-LR","historical",5,10.2302188428349,"%"
"rh","IPSL-CM6A-LR","historical",10,5.14374579543917,"%"
"rh","IPSL-CM6A-LR","historical",15,2.81241872102536,"%"
"rh","IPSL-CM6A-LR","historical",20,2.92671011391394,"%"
"rh","IPSL-CM6A-LR","historical",25,3.09138601063876,"%"
"rh","IPSL-CM6A-LR","historical",30,3.17686183594615,"%"
"rh","IPSL-CM6A-LR","historical",35,3.556815327491,"%"
"rh","IPSL-CM6A-LR","historical",40,3.82447771211365,"%"
"rh","IPSL-CM6A-LR","historical",45,3.98834424682652,"%"
"rh","IPSL-CM6A-LR","historical",50,3.79722466945257,"%"
"rh","IPSL-CM6A-LR","historical",55,3.00889238490032,"%"
"rh","IPSL-CM6A-LR","historical",-60,0.000252927953667643,"%"
"rh","IPSL-CM6A-LR","historical",-55,0.0578059011952146,"%"
"rh","IPSL-CM6A-LR","historical",-50,0.148165545370296,"%"
"rh","IPSL-CM6A-LR","historical",-45,0.375361234571014,"%"
"rh","IPSL-CM6A-LR","historical",-40,0.714721714670392,"%"
"rh","IPSL-CM6A-LR","historical",-35,1.99429362270039,"%"
"rh","IPSL-CM6A-LR","historical",-30,3.41772714410065,"%"
"rh","IPSL-CM6A-LR","historical",-25,5.63855436687284,"%"
"rh","IPSL-CM6A-LR","historical",-20,7.15730625886801,"%"
"rh","IPSL-CM6A-LR","historical",-15,6.63158151430751,"%"
"rh","IPSL-CM6A-LR","historical",-10,9.28550994246826,"%"
"rh","IPSL-CM6A-LR","historical",-5,9.89224275078207,"%"
"rh","IPSL-CM6A-LR","historical",0,9.43482300924816,"%"
"rh","IPSL-CM6A-LR","historical",5,10.2679628558666,"%"
"rh","IPSL-CM6A-LR","historical",10,5.01161979565118,"%"
"rh","IPSL-CM6A-LR","historical",15,2.78167941845761,"%"
"rh","IPSL-CM6A-LR","historical",20,2.91873817178244,"%"
"rh","IPSL-CM6A-LR","historical",25,3.05222088372919,"%"
"rh","IPSL-CM6A-LR","historical",30,3.16310806719298,"%"
"rh","IPSL-CM6A-LR","historical",35,3.5293400127664,"%"
"rh","IPSL-CM6A-LR","historical",40,3.8001400632573,"%"
"rh","IPSL-CM6A-LR","historical",45,3.92472296601597,"%"
"rh","IPSL-CM6A-LR","historical",50,3.76025607496415,"%"
"rh","IPSL-CM6A-LR","historical",55,3.04186575720766,"%"
"rh","IPSL-CM6A-LR","historical",-60,0.000244343755093671,"%"
"rh","IPSL-CM6A-LR","historical",-55,0.0537209024253218,"%"
"rh","IPSL-CM6A-LR","historical",-50,0.147237267703214,"%"
"rh","IPSL-CM6A-LR","historical",-45,0.372089796481065,"%"
"rh","IPSL-CM6A-LR","historical",-40,0.677930547824815,"%"
"rh","IPSL-CM6A-LR","historical",-35,1.9107742713682,"%"
"rh","IPSL-CM6A-LR","historical",-30,3.34248985984604,"%"
"rh","IPSL-CM6A-LR","historical",-25,5.58403138893326,"%"
"rh","IPSL-CM6A-LR","historical",-20,7.08578560233059,"%"
"rh","IPSL-CM6A-LR","historical",-15,6.61298316379015,"%"
"rh","IPSL-CM6A-LR","historical",-10,9.28256876956479,"%"
"rh","IPSL-CM6A-LR","historical",-5,9.79431543363991,"%"
"rh","IPSL-CM6A-LR","historical",0,9.33602510466607,"%"
"rh","IPSL-CM6A-LR","historical",5,10.2695425111306,"%"
"rh","IPSL-CM6A-LR","historical",10,5.14623941890959,"%"
"rh","IPSL-CM6A-LR","historical",15,2.78605693479484,"%"
"rh","IPSL-CM6A-LR","historical",20,2.95644520261136,"%"
"rh","IPSL-CM6A-LR","historical",25,3.13237537896382,"%"
"rh","IPSL-CM6A-LR","historical",30,3.23038204981581,"%"
"rh","IPSL-CM6A-LR","historical",35,3.55531826414152,"%"
"rh","IPSL-CM6A-LR","historical",40,3.81647224901097,"%"
"rh","IPSL-CM6A-LR","historical",45,4.0129373374422,"%"
"rh","IPSL-CM6A-LR","historical",50,3.8393993624687,"%"
"rh","IPSL-CM6A-LR","historical",55,3.05463483838205,"%"
"rh","IPSL-CM6A-LR","historical",-60,0.000281064010775616,"%"
"rh","IPSL-CM6A-LR","historical",-55,0.0573578807358383,"%"
"rh","IPSL-CM6A-LR","historical",-50,0.149657380118477,"%"
"rh","IPSL-CM6A-LR","historical",-45,0.379536874429702,"%"
"rh","IPSL-CM6A-LR","historical",-40,0.692336145706448,"%"
"rh","IPSL-CM6A-LR","historical",-35,2.02544028018943,"%"
"rh","IPSL-CM6A-LR","historical",-30,3.43713190402701,"%"
"rh","IPSL-CM6A-LR","historical",-25,5.57782427039345,"%"
"rh","IPSL-CM6A-LR","historical",-20,7.18112192866889,"%"
"rh","IPSL-CM6A-LR","historical",-15,6.69344586323178,"%"
"rh","IPSL-CM6A-LR","historical",-10,9.36184207096929,"%"
"rh","IPSL-CM6A-LR","historical",-5,9.91020204888222,"%"
"rh","IPSL-CM6A-LR","historical",0,9.41364495007173,"%"
"rh","IPSL-CM6A-LR","historical",5,10.2564843067479,"%"
"rh","IPSL-CM6A-LR","historical",10,4.98505178158701,"%"
"rh","IPSL-CM6A-LR","historical",15,2.74492349311865,"%"
"rh","IPSL-CM6A-LR","historical",20,2.88652405731595,"%"
"rh","IPSL-CM6A-LR","historical",25,3.00434597608439,"%"
"rh","IPSL-CM6A-LR","historical",30,3.19441727125381,"%"
"rh","IPSL-CM6A-LR","historical",35,3.58443965655038,"%"
"rh","IPSL-CM6A-LR","historical",40,3.8315776368107,"%"
"rh","IPSL-CM6A-LR","historical",45,3.96493504957434,"%"
"rh","IPSL-CM6A-LR","historical",50,3.69164458159545,"%"
"rh","IPSL-CM6A-LR","historical",55,2.97583352792644,"%"
"rh","IPSL-CM6A-LR","historical",-60,0.000274870933112873,"%"
"rh","IPSL-CM6A-LR","historical",-55,0.055983827228895,"%"
"rh","IPSL-CM6A-LR","historical",-50,0.150774552565486,"%"
"rh","IPSL-CM6A-LR","historical",-45,0.37275608211552,"%"
"rh","IPSL-CM6A-LR","historical",-40,0.674333667793877,"%"
"rh","IPSL-CM6A-LR","historical",-35,1.99937919100702,"%"
"rh","IPSL-CM6A-LR","historical",-30,3.50178292001778,"%"
"rh","IPSL-CM6A-LR","historical",-25,5.69701420779666,"%"
"rh","IPSL-CM6A-LR","historical",-20,7.08980633562444,"%"
"rh","IPSL-CM6A-LR","historical",-15,6.59663820738487,"%"
"rh","IPSL-CM6A-LR","historical",-10,9.30422652626653,"%"
"rh","IPSL-CM6A-LR","historical",-5,9.742634235799,"%"
"rh","IPSL-CM6A-LR","historical",0,9.2570590672857,"%"
"rh","IPSL-CM6A-LR","historical",5,10.1848757232146,"%"
"rh","IPSL-CM6A-LR","historical",10,5.0585433778105,"%"
"rh","IPSL-CM6A-LR","historical",15,2.7588948377808,"%"
"rh","IPSL-CM6A-LR","historical",20,2.89883627418389,"%"
"rh","IPSL-CM6A-LR","historical",25,3.06968986058201,"%"
"rh","IPSL-CM6A-LR","historical",30,3.24071477077203,"%"
"rh","IPSL-CM6A-LR","historical",35,3.6120034156208,"%"
"rh","IPSL-CM6A-LR","historical",40,3.85163061308084,"%"
"rh","IPSL-CM6A-LR","historical",45,3.95074489742584,"%"
"rh","IPSL-CM6A-LR","historical",50,3.85034834606133,"%"
"rh","IPSL-CM6A-LR","historical",55,3.08105419164842,"%"
"rh","IPSL-CM6A-LR","historical",-60,0.000269706808689696,"%"
"rh","IPSL-CM6A-LR","historical",-55,0.0572708375785682,"%"
"rh","IPSL-CM6A-LR","historical",-50,0.153662282557342,"%"
"rh","IPSL-CM6A-LR","historical",-45,0.387310733809318,"%"
"rh","IPSL-CM6A-LR","historical",-40,0.711397953750078,"%"
"rh","IPSL-CM6A-LR","historical",-35,1.98177918455111,"%"
"rh","IPSL-CM6A-LR","historical",-30,3.35782470237012,"%"
"rh","IPSL-CM6A-LR","historical",-25,5.48137912921263,"%"
"rh","IPSL-CM6A-LR","historical",-20,7.136997238446,"%"
"rh","IPSL-CM6A-LR","historical",-15,6.6512503930241,"%"
"rh","IPSL-CM6A-LR","historical",-10,9.31402539990265,"%"
"rh","IPSL-CM6A-LR","historical",-5,9.87017704520695,"%"
"rh","IPSL-CM6A-LR","historical",0,9.39519292087803,"%"
"rh","IPSL-CM6A-LR","historical",5,10.3366984326822,"%"
"rh","IPSL-CM6A-LR","historical",10,5.09326286200075,"%"
"rh","IPSL-CM6A-LR","historical",15,2.82420827129523,"%"
"rh","IPSL-CM6A-LR","historical",20,2.93662134751386,"%"
"rh","IPSL-CM6A-LR","historical",25,3.07959249807194,"%"
"rh","IPSL-CM6A-LR","historical",30,3.16768978344982,"%"
"rh","IPSL-CM6A-LR","historical",35,3.5354902168972,"%"
"rh","IPSL-CM6A-LR","historical",40,3.80309038831935,"%"
"rh","IPSL-CM6A-LR","historical",45,3.96037612245151,"%"
"rh","IPSL-CM6A-LR","historical",50,3.75407617671083,"%"
"rh","IPSL-CM6A-LR","historical",55,3.01035637251168,"%"
"rh","IPSL-CM6A-LR","historical",-60,0.000269466175025602,"%"
"rh","IPSL-CM6A-LR","historical",-55,0.0563005946073452,"%"
"rh","IPSL-CM6A-LR","historical",-50,0.152345265954207,"%"
"rh","IPSL-CM6A-LR","historical",-45,0.37975538602976,"%"
"rh","IPSL-CM6A-LR","historical",-40,0.704165591089466,"%"
"rh","IPSL-CM6A-LR","historical",-35,1.95921207149657,"%"
"rh","IPSL-CM6A-LR","historical",-30,3.41157814958269,"%"
"rh","IPSL-CM6A-LR","historical",-25,5.60847736683725,"%"
"rh","IPSL-CM6A-LR","historical",-20,7.09355326986378,"%"
"rh","IPSL-CM6A-LR","historical",-15,6.5583225938219,"%"
"rh","IPSL-CM6A-LR","historical",-10,9.22598837421993,"%"
"rh","IPSL-CM6A-LR","historical",-5,9.81272054974323,"%"
"rh","IPSL-CM6A-LR","historical",0,9.40063795275778,"%"
"rh","IPSL-CM6A-LR","historical",5,10.259063882219,"%"
"rh","IPSL-CM6A-LR","historical",10,5.22222147357542,"%"
"rh","IPSL-CM6A-LR","historical",15,2.77989949748847,"%"
"rh","IPSL-CM6A-LR","historical",20,2.91535150979712,"%"
"rh","IPSL-CM6A-LR","historical",25,3.04878110544664,"%"
"rh","IPSL-CM6A-LR","historical",30,3.19782679102537,"%"
"rh","IPSL-CM6A-LR","historical",35,3.59358164110892,"%"
"rh","IPSL-CM6A-LR","historical",40,3.85229349688301,"%"
"rh","IPSL-CM6A-LR","historical",45,3.94056446285398,"%"
"rh","IPSL-CM6A-LR","historical",50,3.75178158663623,"%"
"rh","IPSL-CM6A-LR","historical",55,3.07530792078695,"%"
"rh","IPSL-CM6A-LR","historical",-60,0.000239832649688116,"%"
"rh","IPSL-CM6A-LR","historical",-55,0.0582884745541699,"%"
"rh","IPSL-CM6A-LR","historical",-50,0.149334026756374,"%"
"rh","IPSL-CM6A-LR","historical",-45,0.38430957687971,"%"
"rh","IPSL-CM6A-LR","historical",-40,0.70969631645554,"%"
"rh","IPSL-CM6A-LR","historical",-35,2.0276034623801,"%"
"rh","IPSL-CM6A-LR","historical",-30,3.42011795536539,"%"
"rh","IPSL-CM6A-LR","historical",-25,5.65684361135158,"%"
"rh","IPSL-CM6A-LR","historical",-20,7.11348353387094,"%"
"rh","IPSL-CM6A-LR","historical",-15,6.6633657183113,"%"
"rh","IPSL-CM6A-LR","historical",-10,9.30623674296454,"%"
"rh","IPSL-CM6A-LR","historical",-5,9.82764727295422,"%"
"rh","IPSL-CM6A-LR","historical",0,9.37490883910213,"%"
"rh","IPSL-CM6A-LR","historical",5,10.1877674508509,"%"
"rh","IPSL-CM6A-LR","historical",10,5.0379510559931,"%"
"rh","IPSL-CM6A-LR","historical",15,2.81185838501764,"%"
"rh","IPSL-CM6A-LR","historical",20,2.97071181667787,"%"
"rh","IPSL-CM6A-LR","historical",25,3.11295621625746,"%"
"rh","IPSL-CM6A-LR","historical",30,3.19662954713599,"%"
"rh","IPSL-CM6A-LR","historical",35,3.49494948352195,"%"
"rh","IPSL-CM6A-LR","historical",40,3.75535057386254,"%"
"rh","IPSL-CM6A-LR","historical",45,3.89755222132566,"%"
"rh","IPSL-CM6A-LR","historical",50,3.77531383686969,"%"
"rh","IPSL-CM6A-LR","historical",55,3.06688404889149,"%"
"rh","IPSL-CM6A-LR","historical",-60,0.000282052023920251,"%"
"rh","IPSL-CM6A-LR","historical",-55,0.0572774566034129,"%"
"rh","IPSL-CM6A-LR","historical",-50,0.1558857222381,"%"
"rh","IPSL-CM6A-LR","historical",-45,0.382791693030251,"%"
"rh","IPSL-CM6A-LR","historical",-40,0.705585854374693,"%"
"rh","IPSL-CM6A-LR","historical",-35,1.99117627773633,"%"
"rh","IPSL-CM6A-LR","historical",-30,3.43938565745718,"%"
"rh","IPSL-CM6A-LR","historical",-25,5.66838683711081,"%"
"rh","IPSL-CM6A-LR","historical",-20,7.11082625726515,"%"
"rh","IPSL-CM6A-LR","historical",-15,6.64268916182244,"%"
"rh","IPSL-CM6A-LR","historical",-10,9.32091622648859,"%"
"rh","IPSL-CM6A-LR","historical",-5,9.85213420938745,"%"
"rh","IPSL-CM6A-LR","historical",0,9.37573725834887,"%"
"rh","IPSL-CM6A-LR","historical",5,10.2329892590621,"%"
"rh","IPSL-CM6A-LR","historical",10,5.14187374783793,"%"
"rh","IPSL-CM6A-LR","historical",15,2.78471962915034,"%"
"rh","IPSL-CM6A-LR","historical",20,2.91309867396201,"%"
"rh","IPSL-CM6A-LR","historical",25,3.0637172137963,"%"
"rh","IPSL-CM6A-LR","historical",30,3.12402338875258,"%"
"rh","IPSL-CM6A-LR","historical",35,3.49803133020028,"%"
"rh","IPSL-CM6A-LR","historical",40,3.79316564273594,"%"
"rh","IPSL-CM6A-LR","historical",45,3.95226523133677,"%"
"rh","IPSL-CM6A-LR","historical",50,3.77189794473705,"%"
"rh","IPSL-CM6A-LR","historical",55,3.02114327454155,"%"
"rh","IPSL-CM6A-LR","historical",-60,0.000288698806008626,"%"
"rh","IPSL-CM6A-LR","historical",-55,0.0552103557657307,"%"
"rh","IPSL-CM6A-LR","historical",-50,0.14909876389544,"%"
"rh","IPSL-CM6A-LR","historical",-45,0.376391837851785,"%"
"rh","IPSL-CM6A-LR","historical",-40,0.659579555742906,"%"
"rh","IPSL-CM6A-LR","historical",-35,1.88514273370518,"%"
"rh","IPSL-CM6A-LR","historical",-30,3.28519982474932,"%"
"rh","IPSL-CM6A-LR","historical",-25,5.54388881350888,"%"
"rh","IPSL-CM6A-LR","historical",-20,7.10443488347218,"%"
"rh","IPSL-CM6A-LR","historical",-15,6.6638270160533,"%"
"rh","IPSL-CM6A-LR","historical",-10,9.32743930947288,"%"
"rh","IPSL-CM6A-LR","historical",-5,9.85135588372926,"%"
"rh","IPSL-CM6A-LR","historical",0,9.33159481206313,"%"
"rh","IPSL-CM6A-LR","historical",5,10.2843741565606,"%"
"rh","IPSL-CM6A-LR","historical",10,5.16142930982916,"%"
"rh","IPSL-CM6A-LR","historical",15,2.77129316785325,"%"
"rh","IPSL-CM6A-LR","historical",20,2.91276380275748,"%"
"rh","IPSL-CM6A-LR","historical",25,3.19180361030224,"%"
"rh","IPSL-CM6A-LR","historical",30,3.295694066206,"%"
"rh","IPSL-CM6A-LR","historical",35,3.56614432893508,"%"
"rh","IPSL-CM6A-LR","historical",40,3.80669919546232,"%"
"rh","IPSL-CM6A-LR","historical",45,3.92711375961206,"%"
"rh","IPSL-CM6A-LR","historical",50,3.76497474484975,"%"
"rh","IPSL-CM6A-LR","historical",55,3.08425736881601,"%"
"rh","IPSL-CM6A-LR","historical",-60,0.000241084017801635,"%"
"rh","IPSL-CM6A-LR","historical",-55,0.0541637814589447,"%"
"rh","IPSL-CM6A-LR","historical",-50,0.141574617375935,"%"
"rh","IPSL-CM6A-LR","historical",-45,0.364629524953202,"%"
"rh","IPSL-CM6A-LR","historical",-40,0.674554368573692,"%"
"rh","IPSL-CM6A-LR","historical",-35,1.97905081048643,"%"
"rh","IPSL-CM6A-LR","historical",-30,3.54684423963298,"%"
"rh","IPSL-CM6A-LR","historical",-25,5.72430959054798,"%"
"rh","IPSL-CM6A-LR","historical",-20,7.13870711991281,"%"
"rh","IPSL-CM6A-LR","historical",-15,6.60840733701961,"%"
"rh","IPSL-CM6A-LR","historical",-10,9.29592537331487,"%"
"rh","IPSL-CM6A-LR","historical",-5,9.85537387145608,"%"
"rh","IPSL-CM6A-LR","historical",0,9.32952789983414,"%"
"rh","IPSL-CM6A-LR","historical",5,10.0970923575698,"%"
"rh","IPSL-CM6A-LR","historical",10,5.13149327983836,"%"
"rh","IPSL-CM6A-LR","historical",15,2.81930791661267,"%"
"rh","IPSL-CM6A-LR","historical",20,2.93093051034463,"%"
"rh","IPSL-CM6A-LR","historical",25,3.03812848144081,"%"
"rh","IPSL-CM6A-LR","historical",30,3.15640629230046,"%"
"rh","IPSL-CM6A-LR","historical",35,3.52475000427585,"%"
"rh","IPSL-CM6A-LR","historical",40,3.7689509505442,"%"
"rh","IPSL-CM6A-LR","historical",45,3.95264550413177,"%"
"rh","IPSL-CM6A-LR","historical",50,3.80338273667851,"%"
"rh","IPSL-CM6A-LR","historical",55,3.0636023476785,"%"
"rh","IPSL-CM6A-LR","historical",-60,0.000280265025078032,"%"
"rh","IPSL-CM6A-LR","historical",-55,0.0572441076473627,"%"
"rh","IPSL-CM6A-LR","historical",-50,0.151426636167582,"%"
"rh","IPSL-CM6A-LR","historical",-45,0.387333365937553,"%"
"rh","IPSL-CM6A-LR","historical",-40,0.701348132533541,"%"
"rh","IPSL-CM6A-LR","historical",-35,1.98187690296218,"%"
"rh","IPSL-CM6A-LR","historical",-30,3.43634670815766,"%"
"rh","IPSL-CM6A-LR","historical",-25,5.56528022199483,"%"
"rh","IPSL-CM6A-LR","historical",-20,7.05510294503024,"%"
"rh","IPSL-CM6A-LR","historical",-15,6.5306259556593,"%"
"rh","IPSL-CM6A-LR","historical",-10,9.19533323565651,"%"
"rh","IPSL-CM6A-LR","historical",-5,9.79558920787182,"%"
"rh","IPSL-CM6A-LR","historical",0,9.37797599339444,"%"
"rh","IPSL-CM6A-LR","historical",5,10.2495905287232,"%"
"rh","IPSL-CM6A-LR","historical",10,5.09220878030717,"%"
"rh","IPSL-CM6A-LR","historical",15,2.74359419190377,"%"
"rh","IPSL-CM6A-LR","historical",20,2.87104893372021,"%"
"rh","IPSL-CM6A-LR","historical",25,3.07052983604241,"%"
"rh","IPSL-CM6A-LR","historical",30,3.2956894188594,"%"
"rh","IPSL-CM6A-LR","historical",35,3.64580110353365,"%"
"rh","IPSL-CM6A-LR","historical",40,3.89841257651378,"%"
"rh","IPSL-CM6A-LR","historical",45,3.99462896339785,"%"
"rh","IPSL-CM6A-LR","historical",50,3.79963399311544,"%"
"rh","IPSL-CM6A-LR","historical",55,3.10309799584497,"%"
"rh","IPSL-CM6A-LR","historical",-60,0.000265402745241753,"%"
"rh","IPSL-CM6A-LR","historical",-55,0.0562534561565556,"%"
"rh","IPSL-CM6A-LR","historical",-50,0.143046580427668,"%"
"rh","IPSL-CM6A-LR","historical",-45,0.376628552212608,"%"
"rh","IPSL-CM6A-LR","historical",-40,0.720294458032481,"%"
"rh","IPSL-CM6A-LR","historical",-35,2.01458761547093,"%"
"rh","IPSL-CM6A-LR","historical",-30,3.47845685229143,"%"
"rh","IPSL-CM6A-LR","historical",-25,5.70068123467422,"%"
"rh","IPSL-CM6A-LR","historical",-20,7.16283643164764,"%"
"rh","IPSL-CM6A-LR","historical",-15,6.66791351006871,"%"
"rh","IPSL-CM6A-LR","historical",-10,9.34738656335746,"%"
"rh","IPSL-CM6A-LR","historical",-5,9.90199740032127,"%"
"rh","IPSL-CM6A-LR","historical",0,9.423455956592,"%"
"rh","IPSL-CM6A-LR","historical",5,10.1822479034532,"%"
"rh","IPSL-CM6A-LR","historical",10,5.05059390251534,"%"
"rh","IPSL-CM6A-LR","historical",15,2.79439764991524,"%"
"rh","IPSL-CM6A-LR","historical",20,2.91609438503102,"%"
"rh","IPSL-CM6A-LR","historical",25,3.05821228449848,"%"
"rh","IPSL-CM6A-LR","historical",30,3.15293464593055,"%"
"rh","IPSL-CM6A-LR","historical",35,3.51264237516139,"%"
"rh","IPSL-CM6A-LR","historical",40,3.78515942934613,"%"
"rh","IPSL-CM6A-LR","historical",45,3.89060703418305,"%"
"rh","IPSL-CM6A-LR","historical",50,3.66680101247053,"%"
"rh","IPSL-CM6A-LR","historical",55,2.99650536349686,"%"
"rh","IPSL-CM6A-LR","historical",-60,0.000296092477311138,"%"
"rh","IPSL-CM6A-LR","historical",-55,0.0566310274089952,"%"
"rh","IPSL-CM6A-LR","historical",-50,0.152022396389681,"%"
"rh","IPSL-CM6A-LR","historical",-45,0.381704663541666,"%"
"rh","IPSL-CM6A-LR","historical",-40,0.687896218834845,"%"
"rh","IPSL-CM6A-LR","historical",-35,1.9626783889128,"%"
"rh","IPSL-CM6A-LR","historical",-30,3.33490949726607,"%"
"rh","IPSL-CM6A-LR","historical",-25,5.55380268909077,"%"
"rh","IPSL-CM6A-LR","historical",-20,7.09357853012238,"%"
"rh","IPSL-CM6A-LR","historical",-15,6.59404048246902,"%"
"rh","IPSL-CM6A-LR","historical",-10,9.3273406106879,"%"
"rh","IPSL-CM6A-LR","historical",-5,9.94245337525637,"%"
"rh","IPSL-CM6A-LR","historical",0,9.43298459134043,"%"
"rh","IPSL-CM6A-LR","historical",5,10.2866204452287,"%"
"rh","IPSL-CM6A-LR","historical",10,5.07746329889086,"%"
"rh","IPSL-CM6A-LR","historical",15,2.83781580826343,"%"
"rh","IPSL-CM6A-LR","historical",20,2.94566831176265,"%"
"rh","IPSL-CM6A-LR","historical",25,2.99628261179772,"%"
"rh","IPSL-CM6A-LR","historical",30,3.1442394441999,"%"
"rh","IPSL-CM6A-LR","historical",35,3.52503922340433,"%"
"rh","IPSL-CM6A-LR","historical",40,3.7831237520693,"%"
"rh","IPSL-CM6A-LR","historical",45,3.93655835235596,"%"
"rh","IPSL-CM6A-LR","historical",50,3.82867984569275,"%"
"rh","IPSL-CM6A-LR","historical",55,3.11817034253614,"%"
